TIPO DE MORTE;HORA;BAIRRO DA OCORRENCIA;LOGRADOURO DA OCORRENCIA;GENERO;ETNIA;IDADE;PROFISSAO;ESCOLARIDADE;INSTRUMENTO UTILIZADO;MES;DIA;DIA DA SEMANA;FAIXA ;HORARIO APROXIMADO;TURNO
HOMICIDIO;03:20;ALECRIM;RUA NONATO MOTA COM ROCHA POMBO;MASCULINO;NI;32;NI;NI;ARMA DE FOGO;julho;9;domingo;ADULTO;3;MADRUGADA
HOMICIDIO;19:39;ALECRIM;AV. PRESIDENTE BANDEIRA, VILA SAO FRANCISCO EM FRENTE A CASA Nº 682 A - PROX A ASSEMBLEIA DE DEUS - ENTRE OS BANCOS BRADESCO E CAIXA;MASCULINO;PARDA;21;DESEMPREGADO;NI;ARMA DE FOGO;fevereiro;16;quinta-feira;ADULTO;20;NOTURNO
HOMICIDIO;14:30;ALECRIM;RUA ARI PARREIRAS, Nº 1419, GALPAO DA TORCIDA ORGANIZADA MAFIA VERMELHA.;MASCULINO;PARDA;25;AUXILIAR DE SERRALHEIRO;NI;ARMA DE FOGO;agosto;15;terça-feira;ADULTO;15;VESPERTINO
HOMICIDIO;21:15;ALECRIM;AV DO CONTORNO - POR TRAS DA CASA DO ESTUDANTE;MASCULINO;PARDA;38;DESEMPREGADO;NI;ARMA DE FOGO;fevereiro;24;sexta-feira;ADULTO;21;NOTURNO
HOMICIDIO;14:25;ALECRIM;RUA NOVA CENTRAL - ENCONTRADO NUM TERRENO BALDIO PROXIMO A CAPELA DA GUARITA;MASCULINO;PARDA;23;DESEMPREGADO;NI;ARMA DE FOGO;novembro;28;terça-feira;ADULTO;14;VESPERTINO
HOMICIDIO;17:30;ALECRIM;RUA PRESIDENTE SARMENTO, ESQUINA COM A RUA CICERO MENDONÇA;MASCULINO;PARDA;39;DESEMPREGADO;NI;ARMA DE FOGO;fevereiro;25;sábado;ADULTO;18;VESPERTINO
HOMICIDIO;12:41;ALECRIM;CRUZAMENTO DA OLINTO MEIRA COM AV ALEXANDRINO ALENCAR - AO LADO DO POSTO DE GASOLINA NATAL;MASCULINO;PARDA;27;FLANELINHA;NI;ARMA DE FOGO;novembro;24;sexta-feira;ADULTO;13;VESPERTINO
LATROCINIO;08:59;ALECRIM;RUA DOS PAJEUS AO LADO Nº 1240 COM AV ALEXANDRINO DE ALENCAR - PROXIMO AO CLUBE ATLANTICO;MASCULINO;PARDA;78;APOSENTADO;NI;ARMA DE FOGO;novembro;28;terça-feira;IDOSO;9;MATUTINO
HOMICIDIO;00:30;ALECRIM;AV 6 COM AV. 4, PADARIA AVENIDA;MASCULINO;PARDA;28;VENDEDOR;NI;ARMA DE FOGO;julho;20;quinta-feira;ADULTO;1;NOTURNO
HOMICIDIO;16:33;ALECRIM;RUA MANOEL MIRANDA COM A AV 04;MASCULINO;PARDA;35;BORRACHEIRO;NI;ARMA DE FOGO;maio;1;segunda-feira;ADULTO;17;VESPERTINO
LESAO CORPORAL SEGUIDA DE MORTE;19:40;ALECRIM;RUA ROCHA POMBO, PROXIMO A LOJA VERONA;MASCULINO;PARDA;17;COMERCIANTE;NI;ARMA DE FOGO;outubro;18;quarta-feira;ADOLESCENTE;20;NOTURNO
HOMICIDIO;07:00;ALECRIM;TV SAO LUIS, EM FRENTE AO Nº 375, NA AV 03 COM AV 06 PROX AO POSTO DE GALOSINA;MASCULINO;PARDA;29;AUTONOMO;NI;ARMA DE FOGO;março;6;segunda-feira;ADULTO;7;MATUTINO
HOMICIDIO;00:00;ALECRIM;NI;MASCULINO;PARDA;24;DESEMPREGADO;NI;ARMA DE FOGO;março;21;terça-feira;ADULTO;0;NOTURNO
HOMICIDIO;17:48;ALECRIM;TV SAO LUCAS, Nº 13, PROXIMO AO MERCADINHO LS, PROXIMO AO FRICARNES;MASCULINO;PARDA;29;AUXILIAR MECANICO;NI;ARMA DE FOGO;dezembro;10;domingo;ADULTO;18;VESPERTINO
LESAO CORPORAL SEGUIDA DE MORTE;07:50;AREIA PRETA;AV GOV SILVIO PEDROSA - VIA COSTEIRA;MASCULINO;PARDA;39;DESEMPREGADO;NI;ESPANCAMENTO;março;10;sexta-feira;ADULTO;8;MATUTINO
HOMICIDIO;05:45;BOM PASTOR;ENCONTRADO KM 6 AO LADO DA AV.JOAO FRANCISCO DA MOTA - ESCOLA MUNICIPAL FRANCISCA FERREIRA;MASCULINO;NI;40;AUTONOMO;NI;ARMA DE FOGO;setembro;17;domingo;ADULTO;6;MADRUGADA
LESAO CORPORAL SEGUIDA DE MORTE;02:44;BOM PASTOR;RUA DA PAZ;MASCULINO;PARDA;8;ESTUDANTE;NI;ARMA DE FOGO;setembro;25;segunda-feira;CRIANÇA;3;MADRUGADA
LESAO CORPORAL SEGUIDA DE MORTE;09:50;BOM PASTOR;RUA NEMESIO PALMEIRAS DE LEMOS, PROXIMO AO CEMITERIO;MASCULINO;PARDA;26;CARROCEIRO;NI;ARMA BRANCA;maio;21;domingo;ADULTO;10;MATUTINO
HOMICIDIO;07:40;BOM PASTOR;AV BOM PASTOR, TERRENO BALDIO POR TRAS DE VALDECI MODAS, TERRENO DO JOTA MOTA;FEMININO;PARDA;19;ESTUDANTE;NI;ARMA BRANCA;novembro;25;sábado;ADULTO;8;MATUTINO
HOMICIDIO;07:40;BOM PASTOR;AV BOM PASTOR, TERRENO BALDIO POR TRAS DE VALDECI MODAS, TERRENO DO JOTA MOTA;FEMININO;PARDA;27;GARCONETE;NI;ARMA BRANCA;novembro;25;sábado;ADULTO;8;MATUTINO
HOMICIDIO;23:00;BOM PASTOR;CORPO ENCONTRADO NA 3ª TV DAQ AV ANTONIO BASILIO, CABECA ENCONTRADA NA FAVELA DO JAPAO;MASCULINO;PARDA;18;DESEMPREGADO;NI;ARMA DE FOGO;abril;17;segunda-feira;ADULTO;23;NOTURNO
HOMICIDIO;23:00;BOM PASTOR;RUA PERCIVAL CALDAS, Nº 574- A, PROXIMO A CHESF;MASCULINO;PARDA;31;AMBULANTE;NI;ARMA DE FOGO;dezembro;13;quarta-feira;ADULTO;23;NOTURNO
LESAO CORPORAL SEGUIDA DE MORTE;20:50;BOM PASTOR;RUA SAMPAIO CORREIA;MASCULINO;PARDA;61;GESSEIRO;NI;ARMA DE FOGO;abril;7;sexta-feira;IDOSO;21;NOTURNO
HOMICIDIO;11:34;BOM PASTOR;RUA DA PAZ;FEMININO;PARDA;27;DESEMPREGADO;NI;ARMA DE FOGO;setembro;24;domingo;ADULTO;12;MATUTINO
HOMICIDIO;11:35;BOM PASTOR;RUA CASTELO BRANCO -FUNDOS DO CEMITERIO BOM PASTOR;MASCULINO;PARDA;18;FEIRANTE;NI;ARMA DE FOGO;fevereiro;3;sexta-feira;ADULTO;12;MATUTINO
HOMICIDIO;07:00;BOM PASTOR;TERRENO BALDIO AO LADO DA AV. INDUSTRIAL J. MOTA, PROXIMO A DVN VIDROS;MASCULINO;PARDA;24;FUNILEIRO;NI;ARMA BRANCA;agosto;30;quarta-feira;ADULTO;7;MATUTINO
LATROCINIO;07:10;BOM PASTOR;RUA SANTA TEREZA;MASCULINO;PARDA;38;POLICIAL MILITAR;NI;ARMA DE FOGO;junho;13;terça-feira;ADULTO;7;MATUTINO
HOMICIDIO;12:00;BOM PASTOR;RUA POETA CAMOES ESQUINA COM RUA MARCIA MAIA, BR 226, - EM FRENTE A BORRACHARIA E ESTACAO DA CAERN;MASCULINO;BRANCA;37;COMERCIANTE;NI;ARMA DE FOGO;dezembro;22;sexta-feira;ADULTO;12;MATUTINO
LATROCINIO;13:00;BOM PASTOR;RUA JOAO FRANCISCO DA MOTA, EM FRENTE AO POSTO DE COMBUSTÍVEL CARAÚ;MASCULINO;PARDA;31;NI;NI;ARMA DE FOGO;agosto;13;domingo;ADULTO;13;VESPERTINO
HOMICIDIO;00:40;BOM PASTOR;RUA SAPAIO JERUSALEM (NO MANGUE) NO SALGADO, PROXIMO A DVN MARMORE, PROXIMO AO MERCADINHO SAO JOAO BATISTA;MASCULINO;PARDA;19;DESEMPREGADO;NI;ARMA DE FOGO;maio;11;quinta-feira;ADULTO;1;NOTURNO
LESAO CORPORAL SEGUIDA DE MORTE;00:00;BOM PASTOR;RUA PRESIDENTE CASTELO BRANCO, EM FRENTE A RESIDENCIA DA VITIMA, Nº 267;MASCULINO;PARDA;31;AG. PENITENCIARIO ESTADUAL;NI;ARMA DE FOGO;outubro;10;terça-feira;ADULTO;0;NOTURNO
HOMICIDIO;20:30;BOM PASTOR;RUA ESTEVAM MACHADO, ENTRANDO AO LADO DO POSTO DE COMBUSTIVEL CARAÚ - TV ADAO, VILA DE ADAO, EM FRENTE AO Nº 14;MASCULINO;PARDA;23;DESEMPREGADO;NI;ARMA DE FOGO;abril;14;sexta-feira;ADULTO;21;NOTURNO
LESAO CORPORAL SEGUIDA DE MORTE;18:15;BOM PASTOR;RUA ARISTOFANES FERNANDES, VILA SAO LUIS, Nº 141;MASCULINO;PARDA;38;LAVADOR DE CARRO;NI;ARMA DE FOGO;julho;15;sábado;ADULTO;18;VESPERTINO
HOMICIDIO;17:00;BOM PASTOR;AV ESTEVAM MACHADO, EM FRENTE AO NUMERAL 481;MASCULINO;PARDA;18;DESEMPREGADO;NI;ARMA DE FOGO;fevereiro;11;sábado;ADULTO;17;VESPERTINO
LESAO CORPORAL SEGUIDA DE MORTE;20:00;BOM PASTOR;RUA SAMPAIO CORREIA S/N -CRUZEIRO;MASCULINO;PARDA;35;SERVENTE DE PEDREIRO;NI;ARMA BRANCA;dezembro;29;sexta-feira;ADULTO;20;NOTURNO
HOMICIDIO;20:00;BOM PASTOR;RUA BARAO DE MAUA - ESCOLA JEAN MERMOES;MASCULINO;PARDA;20;DESEMPREGADO;NI;ARMA DE FOGO;junho;19;segunda-feira;ADULTO;20;NOTURNO
LESAO CORPORAL SEGUIDA DE MORTE;21:00;BOM PASTOR;RUA SAMPAIO CORREIA, PROXIMO A CANTINA DA NINA E A MERCEARIA DO CANARIO, PROXIMO AO COLEGIO ANGELIA, PROXIMO A PADARIA NOVO HORIZONTE;MASCULINO;PARDA;24;AJUDANTE DE PRODUCAO;NI;ARMA DE FOGO;abril;7;sexta-feira;ADULTO;21;NOTURNO
LATROCINIO;15:15;BOM PASTOR;AV INDUSTRIAL JOAO FRANCISCO DA MOTA -CURTUME SAO FRANCISCO PROXIMO A DVN VIDROS;MASCULINO;PARDA;59;VIGILANTE;NI;ARMA DE FOGO;dezembro;30;sábado;ADULTO;15;VESPERTINO
HOMICIDIO;19:00;BOM PASTOR;RUA DESCONHECIDA, ENTRE A RUA DA PAZ, Nº 132 E A RUA MARCIA MAIA, PROXIMO A CRECHE FREI DAMIAO;MASCULINO;BRANCA;20;PENSIONISTA;NI;ARMA DE FOGO;abril;23;domingo;ADULTO;19;NOTURNO
HOMICIDIO;23:00;BOM PASTOR;AV CAP MOR GOUVEIA, COM AV BOM PASTOR, ESQUIA DE UM BAR;MASCULINO;PARDA;27;DESEMPREGADO;NI;ARMA DE FOGO;maio;5;sexta-feira;ADULTO;23;NOTURNO
HOMICIDIO;12:59;CANDELÁRIA;RUA DEPUTADO CLOVIS MOTA, ANTIGO PRESEPIO DE NATAL, NA PRACA DE SKATE, POR TRAS DO GINASIO DED;MASCULINO;PARDA;33;NI;NI;PEDRADA;outubro;23;segunda-feira;ADULTO;13;VESPERTINO
HOMICIDIO;00:00;CANDELÁRIA;RUA DR. LAURO PINTO, EM FRENTE AO Nº 696;MASCULINO;PARDA;22;CARROCEIRO;NI;ARMA DE FOGO;março;2;quinta-feira;ADULTO;0;NOTURNO
HOMICIDIO;16:56;CAPIM MACIO;RUA ABAETÉ EM FRENTE AO Nº 1585 - PROXIMO AO COND. FLAYMBOANTES;MASCULINO;PARDA;19;DESEMPREGADO;NI;ARMA DE FOGO;dezembro;13;quarta-feira;ADULTO;17;VESPERTINO
HOMICIDIO;15:00;CAPIM MACIO;RUA MISSIONARIO GUNNAR VINGREN, S/N;MASCULINO;PARDA;30;VIGILANTE;NI;ARMA DE FOGO;janeiro;19;quinta-feira;ADULTO;15;VESPERTINO
LATROCINIO;09:00;CAPIM MACIO;RUA PEDRO VILELA Nº 21 - DUAS RUAS ATRAS DA PONTA NEGRA FIAT;MASCULINO;PARDA;59;ADVOGADO;NI;ARMA DE FOGO;novembro;8;quarta-feira;ADULTO;9;MATUTINO
HOMICIDIO;11:00;CIDADE ALTA;CORPO ENCONTRADO DENTRO DE UMA CISTERNA NA RUA VOLUNTARIOS DA PATRIA (BECO DA LAMA) POR TRAS DA BATEL (RUA GONCALVES LEDO);MASCULINO;PARDA;36;DESEMPREGADO;NI;ARMA DE FOGO;abril;5;quarta-feira;ADULTO;11;MATUTINO
HOMICIDIO;14:20;CIDADE ALTA;RUA OCIDENTAL DE BAIXO, NO BECO DO CANINDE, EM FRENTE AO MERCADINHO VITORIA, RUA LATERAL DA ESCOLA MARECI GOMES;FEMININO;PARDA;17;DESEMPREGADO;NI;ARMA DE FOGO;outubro;29;domingo;ADOLESCENTE;14;VESPERTINO
HOMICIDIO;06:15;CIDADE ALTA;RUA FELIPE CAMARAO EM FRENTE AO SINDICATO DOS JORNALISTAS;MASCULINO;PARDA;26;AUTONOMO;NI;ARMA DE FOGO;julho;12;quarta-feira;ADULTO;6;MADRUGADA
HOMICIDIO;11:00;CIDADE DA ESPERANÇA;AV PARAIBA, EM UMA LOJA DE REDES DENOMINADA CASA DAS REDES;MASCULINO;PARDA;23;VENDEDOR AMBULANTE;NI;ARMA DE FOGO;julho;22;sábado;ADULTO;11;MATUTINO
HOMICIDIO;20:20;CIDADE DA ESPERANÇA;RUA BOAVENTURA;MASCULINO;PARDA;30;NI;NI;ARMA DE FOGO;julho;2;domingo;ADULTO;20;NOTURNO
LESAO CORPORAL SEGUIDA DE MORTE;13:54;CIDADE DA ESPERANÇA;AV PERIMETRAL SUL, Nº 437 - PROX AO TERMINAL DE ONIBUS CIDADE DA ESPERANÇA E A UNIMETAIS;MASCULINO;PARDA;22;DESEMPREGADO;NI;ARMA DE FOGO;fevereiro;18;sábado;ADULTO;14;VESPERTINO
HOMICIDIO;14:20;CIDADE DA ESPERANÇA;RUA ACACIO DO NASCIMENTO EM FRENTE AO Nº 07 (COMUNIDADE DO DETRAN) RESIDENCIAL BOA ESPERANCA;MASCULINO;PARDA;23;SERVENTE DE PEDREIRO;NI;ARMA DE FOGO;março;30;quinta-feira;ADULTO;14;VESPERTINO
HOMICIDIO;17:30;CIDADE DA ESPERANÇA;"RUA NATAL - ENCONTRADO NO ""PÉ"" DO MORRO (PROX AO DEPOSITO FONTOURA E A ADOTE)";MASCULINO;PARDA;26;ARMADOR PREMOLDADO;NI;ARMA DE FOGO;fevereiro;9;quinta-feira;ADULTO;18;VESPERTINO
HOMICIDIO;00:15;CIDADE DA ESPERANÇA;AV CAPITAO MOR GOUVEIA, Nº 1656;MASCULINO;BRANCA;50;COMERCIANTE;NI;ARMA DE FOGO;fevereiro;3;sexta-feira;ADULTO;0;NOTURNO
HOMICIDIO;15:00;CIDADE DA ESPERANÇA;RUA OTAVIO RODRIGUES, Nº 148, PROXIMO AO POSTO ALE, PROXIMO A NETO CICLO PEÇAS;FEMININO;PARDA;55;PENSIONISTA;NI;ARMA DE FOGO;maio;26;sexta-feira;ADULTO;15;VESPERTINO
HOMICIDIO;19:15;CIDADE DA ESPERANÇA;TV PARAIBA, EM FRENTE A UPA DE CIDADE DA ESPERANCA;MASCULINO;PARDA;48;COMERCIANTE;NI;ARMA DE FOGO;agosto;17;quinta-feira;ADULTO;19;NOTURNO
HOMICIDIO;21:00;CIDADE DA ESPERANÇA;AV CAPITAO MOR GOUVEIA;MASCULINO;PARDA;32;DESEMPREGADO;NI;ARMA DE FOGO;setembro;20;quarta-feira;ADULTO;21;NOTURNO
LESAO CORPORAL SEGUIDA DE MORTE;21:00;CIDADE DA ESPERANÇA;AV PERIMENTAL SUL - NA FAVELA DO DETRAN;MASCULINO;PARDA;30;DESEMPREGADO;NI;ARMA DE FOGO;dezembro;16;sábado;ADULTO;21;NOTURNO
HOMICIDIO;21:00;CIDADE DA ESPERANÇA;AV RIO GRANDE DO NORTE, Nº 08, PROXIMO AO REDE MAIS, VIZINHO A CASA DE RACAO;MASCULINO;PARDA;23;DESEMPREGADO;NI;ARMA DE FOGO;julho;25;terça-feira;ADULTO;21;NOTURNO
HOMICIDIO;14:00;CIDADE DA ESPERANÇA;AREA DE DUNAS POR TRAS DA RUA PERIMETRAL SUL;MASCULINO;PARDA;19;DESEMPREGADO;NI;ARMA DE FOGO;fevereiro;14;terça-feira;ADULTO;14;VESPERTINO
LATROCINIO;19:00;CIDADE DA ESPERANÇA;AV PIAUI, Nº 41 EM FRENTE A RESIDENCIA DA VITIMA;MASCULINO;PARDA;58;NI;NI;ARMA DE FOGO;dezembro;29;sexta-feira;ADULTO;19;NOTURNO
HOMICIDIO;08:58;CIDADE NOVA;RUA SAO BERNARDO - EM FRENTE AO Nº 960, PROXIMO AO MERCADINHO DO PEDRINHO;MASCULINO;PARDA;23;BORRACHEIRO;ENSINO FUNDAMENTAL INCOMPLETO;ARMA DE FOGO;dezembro;18;segunda-feira;ADULTO;9;MATUTINO
HOMICIDIO;12:47;CIDADE NOVA;RUA CARLOS ALBERTO, PROXIMO A CAPELA;MASCULINO;PARDA;23;NI;NI;ARMA DE FOGO;fevereiro;22;quarta-feira;ADULTO;13;VESPERTINO
LESAO CORPORAL SEGUIDA DE MORTE;11:58;CIDADE NOVA;MORRO DE DUNAS EM CIDADE NOVA, PROXIMO A RUA SAO SEBASTIAO;FEMININO;PARDA;14;ESTUDANTE;NI;ARMA DE FOGO;março;25;sábado;ADOLESCENTE;12;MATUTINO
HOMICIDIO;09:30;CIDADE NOVA;RUA SOLANGE NUNES DO NASCIMENTO, PROXIMO AO SOCIETY ARENA, PROXIMO AO ANTIGO TERMINAL DA LINHA DE ONIBUS 41;MASCULINO;PARDA;37;NI;NI;ESPANCAMENTO;julho;25;terça-feira;ADULTO;10;MATUTINO
HOMICIDIO;00:00;CIDADE NOVA;RUA MONTE CALVO - PROXIMO A ESTACAO;MASCULINO;PARDA;22;NI;NI;ARMA DE FOGO;fevereiro;3;sexta-feira;ADULTO;0;NOTURNO
HOMICIDIO;01:30;CIDADE NOVA;RUA IVO FURTADO, PROXIMO A ESCOLA ESSENCIAL;MASCULINO;PARDA;50;NI;NI;ARMA BRANCA;maio;16;terça-feira;ADULTO;2;MADRUGADA
LESAO CORPORAL SEGUIDA DE MORTE;08:00;DIX-SEPT ROSADO;RUA DOS CAICOS, PARQUE 13 DE MAIO, NO MERETO, PROXIMO AO BAR DO JAPI, NA CONVENIENCIA 24H, POR TRAS DA GERDAU, PROXIMO A QUADRA DE ESPORTES, PROXIMO A CRECHE CAMINHO FELIZ;MASCULINO;PARDA;29;NI;ENSINO FUNDAMENTAL INCOMPLETO;ARMA DE FOGO;outubro;29;domingo;ADULTO;8;MATUTINO
HOMICIDIO;05:40;DIX-SEPT ROSADO;TV SANTA FE, EM FRENTE A RECILCACEM DO JOAO, Nº 60;MASCULINO;PARDA;20;DESEMPREGADO;ENSINO MEDIO INCOMPLETO;ARMA DE FOGO;dezembro;11;segunda-feira;ADULTO;6;MADRUGADA
HOMICIDIO;17:57;DIX-SEPT ROSADO;TV MIRA MORRO, RUA SANTO APOLO EM FRENTE AO Nº 44 (PROX A ESCOLA LUIZ GONZAGA);MASCULINO;PARDA;23;AUTONOMO;NI;ARMA DE FOGO;março;24;sexta-feira;ADULTO;18;VESPERTINO
LESAO CORPORAL SEGUIDA DE MORTE;08:25;DIX-SEPT ROSADO;RUA SANTO ANDRE PROXIMO A CANTINA PADRE CICERO;MASCULINO;PARDA;32;ASG;NI;ARMA DE FOGO;dezembro;18;segunda-feira;ADULTO;8;MATUTINO
HOMICIDIO;21:21;DIX-SEPT ROSADO;AV. DOS CAICOS, Nº 2108;MASCULINO;PARDA;21;NI;NI;ARMA DE FOGO;outubro;2;segunda-feira;ADULTO;21;NOTURNO
HOMICIDIO;20:28;DIX-SEPT ROSADO;AV. INTERVENTOR MARIO CAMARA - EM FRENTE A CASA NORTE ATACADO;MASCULINO;PARDA;43;DESEMPREGADO;NI;ARMA DE FOGO;setembro;18;segunda-feira;ADULTO;20;NOTURNO
HOMICIDIO;16:00;DIX-SEPT ROSADO;TV. DA FLORESTA, Nº 719 NA OFICINA TRES IRMAOS, POR TRAS DO FORRO DO DAGÔ.;MASCULINO;PARDA;21;DESEMPREGADO;NI;ARMA DE FOGO;julho;21;sexta-feira;ADULTO;16;VESPERTINO
HOMICIDIO;01:00;DIX-SEPT ROSADO;RUA BARAUNAS, EM FRENTE AO BAR HOSPITAL DO CALDO - EM FRENTE AO TENDAS BAR;MASCULINO;PARDA;33;SERVENTE DE PEDREIRO;NI;ARMA DE FOGO;março;17;sexta-feira;ADULTO;1;NOTURNO
LESAO CORPORAL SEGUIDA DE MORTE;22:00;DIX-SEPT ROSADO;RUA PROFESSOR JOSEFA BOTELHO;MASCULINO;PARDA;22;AJ DE SOLDADOR;NI;ARMA DE FOGO;julho;15;sábado;ADULTO;22;NOTURNO
HOMICIDIO;06:30;DIX-SEPT ROSADO;RUA DOS PAJEUS - EM FRENTE A CENTRAL DE RODAS;MASCULINO;PARDA;18;DESEMPREGADO;NI;ARMA DE FOGO;julho;1;sábado;ADULTO;7;MATUTINO
HOMICIDIO;21:00;DIX-SEPT ROSADO;LAGOA DE SAO CONRADO - ENTRE A AV LIMA E SILVA E MIGUEL CASTRO;MASCULINO;PARDA;22;SOLDADOR;NI;ARMA DE FOGO;janeiro;3;terça-feira;ADULTO;21;NOTURNO
LESAO CORPORAL SEGUIDA DE MORTE;13:40;DIX-SEPT ROSADO;AV ANTONIO BASILIO, Nº 977, COM A RUA FARMACEUTICO FERNANDES GILBERTO, NO BAR DO CAVEIRINHA;FEMININO;PARDA;21;DESEMPREGADO;NI;ARMA DE FOGO;agosto;3;quinta-feira;ADULTO;14;VESPERTINO
HOMICIDIO;21:40;DIX-SEPT ROSADO;AV ANTONIO BASILIO, Nº 977, NO BAR DO CAVEIRINHA;FEMININO;PARDA;26;DESEMPREGADO;NI;ARMA DE FOGO;agosto;2;quarta-feira;ADULTO;22;NOTURNO
HOMICIDIO;19:00;DIX-SEPT ROSADO;AV AMINTAS BARROS, CALCADA DO COLEGIO CEU AZUL;FEMININO;PARDA;17;ESTUDANTE;NI;ARMA DE FOGO;abril;26;quarta-feira;ADOLESCENTE;19;NOTURNO
HOMICIDIO;10:30;FELIPE CAMARÃO;RUA SANTA CRISTINA Nº 382;MASCULINO;PARDA;22;CARROCEIRO;ENSINO FUNDAMENTAL COMPLETO;ARMA DE FOGO;novembro;17;sexta-feira;ADULTO;11;MATUTINO
HOMICIDIO;22:30;FELIPE CAMARÃO;RESIDENCIA RUA PEIXE BOI, Nº 44 - A PROXIMO AO MERCADINHO DO IVO;MASCULINO;PARDA;53;PEDREIRO;NI;ARMA DE FOGO;março;30;quinta-feira;ADULTO;23;NOTURNO
HOMICIDIO;00:07;FELIPE CAMARÃO;RUA JOAQUIM DE CASTRO, NA LATERAL DO SUPERMERCADO REDE MAIS;MASCULINO;PARDA;22;DESEMPREGADO;NI;ARMA DE FOGO;maio;11;quinta-feira;ADULTO;0;NOTURNO
HOMICIDIO;16:09;FELIPE CAMARÃO;RUA SANTA CLARA, PROXIMO AO BAR DO ADAILTON;MASCULINO;PARDA;20;NI;NI;ARMA DE FOGO;setembro;7;quinta-feira;ADULTO;16;VESPERTINO
LESAO CORPORAL SEGUIDA DE MORTE;11:15;FELIPE CAMARÃO;RUA INDOMAR, Nº 4030, PROXIMO AO POSTO DE SAUDE;MASCULINO;PARDA;17;ESTUDANTE;NI;ARMA DE FOGO;dezembro;3;domingo;ADOLESCENTE;11;MATUTINO
HOMICIDIO;14:50;FELIPE CAMARÃO;RUA SANTA MARIA GORETE (FAVELA DO FIO);MASCULINO;PARDA;23;DESEMPREGADO;NI;ARMA DE FOGO;março;20;segunda-feira;ADULTO;15;VESPERTINO
HOMICIDIO;02:15;FELIPE CAMARÃO;RUA PEDRINHO BEZERRA COM RUA SANTA CRISTINA, PROXIMO A MATERNIDADE EM FRENTE A UMA CIGARREIRA NO LOCAL;MASCULINO;PARDA;28;AJUDANTE DE GESSEIRO;NI;ARMA DE FOGO;novembro;10;sexta-feira;ADULTO;2;MADRUGADA
HOMICIDIO;00:39;FELIPE CAMARÃO;RUA PADRE JOAO MARIA - EM FRENTE AO MERCADINHO J PEREIRA;FEMININO;BRANCA;27;MANICURE;NI;ARMA DE FOGO;setembro;30;sábado;ADULTO;1;NOTURNO
HOMICIDIO;07:03;FELIPE CAMARÃO;RUA GOVERNADOR AUGUSTO DE SOUZA - EM FRENTE AO Nº 28 A;MASCULINO;PARDA;19;DESEMPREGADO;NI;ARMA DE FOGO;julho;7;sexta-feira;ADULTO;7;MATUTINO
LESAO CORPORAL SEGUIDA DE MORTE;01:15;FELIPE CAMARÃO;NI;MASCULINO;PARDA;16;ESTUDANTE;NI;ARMA DE FOGO;abril;14;sexta-feira;ADOLESCENTE;1;NOTURNO
HOMICIDIO;03:20;FELIPE CAMARÃO;TV SAO VICENTE, Nº 07;MASCULINO;PARDA;18;DESEMPREGADO;NI;ARMA DE FOGO;março;2;quinta-feira;ADULTO;3;MADRUGADA
HOMICIDIO;03:20;FELIPE CAMARÃO;TV SAO VICENTE, Nº 07;MASCULINO;PARDA;28;DESEMPREGADO;NI;ARMA DE FOGO;março;2;quinta-feira;ADULTO;3;MADRUGADA
HOMICIDIO;15:10;FELIPE CAMARÃO;RUA FELIPE CAMARAO, Nº 810, PROXIMO A ESTACAO DE TREM DE CIDADE NOVA, PROXIMO AO MERCADINHO MARIA ELOISA;MASCULINO;PARDA;18;DESEMPREGADO;NI;ARMA DE FOGO;dezembro;19;terça-feira;ADULTO;15;VESPERTINO
LESAO CORPORAL SEGUIDA DE MORTE;08:30;FELIPE CAMARÃO;RUA SILVA COM TV SILVA;MASCULINO;PARDA;34;PEDREIRO;NI;ARMA DE FOGO;dezembro;3;domingo;ADULTO;9;MATUTINO
HOMICIDIO;19:19;FELIPE CAMARÃO;TV PEDRO DE SOUZA COM RUA SAO DOMINGOS;MASCULINO;PARDA;28;CARREGADOR DE MERCADORIAS;NI;ARMA DE FOGO;julho;12;quarta-feira;ADULTO;19;NOTURNO
HOMICIDIO;11:22;FELIPE CAMARÃO;RUA NOSSA SENHORA DO ROSARIO Nº 85 - PROXIMO AO COLEGIO DJALMA MARANHAO NUMA CAPOTARIA E POSTO DE SAUDE;MASCULINO;PARDA;45;CAPOTEIRO;NI;ARMA DE FOGO;dezembro;2;sábado;ADULTO;11;MATUTINO
HOMICIDIO;07:35;FELIPE CAMARÃO;RUA SANTA HELENA, EM FRENTE A CASA Nº 148, PROXIMO AO MERCADINHO BARATAO, POR TRAS DA IMUNIZADORA POTIGUAR;MASCULINO;PARDA;17;NI;NI;ARMA DE FOGO;julho;19;quarta-feira;ADOLESCENTE;8;MATUTINO
LESAO CORPORAL SEGUIDA DE MORTE;01:40;FELIPE CAMARÃO;RUA AURELIANO MEDEIROS, POR TRAS DO SUPERMEMRCADO SUPER SHOW EM FRENTE AO SUPER GAS BRAS, NA BAIXADA;MASCULINO;PARDA;33;ASG;NI;ARMA DE FOGO;maio;4;quinta-feira;ADULTO;2;MADRUGADA
HOMICIDIO;23:50;FELIPE CAMARÃO;RUA FRANCISCA CAMPOS, PE DO MORRO APOS A FUNDACAO BRADESCO, APOS O SUPER BOX NATAL;MASCULINO;PARDA;15;DESEMPREGADO;NI;ARMA DE FOGO;julho;23;domingo;ADOLESCENTE;24;NOTURNO
HOMICIDIO;23:00;FELIPE CAMARÃO;RUAC PADRE CICERO;MASCULINO;PARDA;23;DESEMPREGADO;NI;ARMA DE FOGO;junho;1;quinta-feira;ADULTO;23;NOTURNO
HOMICIDIO;20:50;FELIPE CAMARÃO;RUA JOSE VICENTE Nº 33 - EM FRENTE A SUA RESIDENCIA;MASCULINO;NI;24;DESEMPREGADO;NI;ARMA DE FOGO;setembro;16;sábado;ADULTO;21;NOTURNO
HOMICIDIO;10:53;FELIPE CAMARÃO;RUA DESENHISTA MODESTO CAMARA;MASCULINO;PARDA;58;POLICIAL MILITAR - RESERVA;NI;ARMA DE FOGO;janeiro;12;quinta-feira;ADULTO;11;MATUTINO
HOMICIDIO;03:30;FELIPE CAMARÃO;RUA DA FE, EM FRENTE A CASA Nº 232, PROXIMO A PRACINHA SITUADA NA RUA DOS CAMPOS;MASCULINO;PARDA;20;RECICLADOR;NI;ARMA DE FOGO;outubro;28;sábado;ADULTO;4;MADRUGADA
HOMICIDIO;20:32;FELIPE CAMARÃO;RUA INDOMAR, PROXIMO AO ANTIGO FORRO DA VELHA;MASCULINO;PARDA;48;PINTOR;NI;OBJETO CONTUNDENTE;setembro;2;sábado;ADULTO;21;NOTURNO
HOMICIDIO;10:30;FELIPE CAMARÃO;CRUZAMENTO DA RUA JOSINO GALVAO COM A RUA MIRASSOL, PROXIMO AO COLEGIO VERISSIMO DE MELO;MASCULINO;PARDA;26;DESEMPREGADO;NI;ARMA DE FOGO;março;24;sexta-feira;ADULTO;11;MATUTINO
HOMICIDIO;10:30;FELIPE CAMARÃO;RUA PADRE JOAO MARIA, Nº 421, PROXIMO A LINHA FERREA, CRUZAMENTO COM A RUA PADRE CICERO;MASCULINO;PARDA;23;DESEMPREGADO;NI;ARMA DE FOGO;outubro;28;sábado;ADULTO;11;MATUTINO
LESAO CORPORAL SEGUIDA DE MORTE;00:15;FELIPE CAMARÃO;RUA POETA EVARISTO DE SOUZA, POR TRAS DO SUPER SHOW;MASCULINO;PARDA;21;DESEMPREGADO;NI;ARMA DE FOGO;julho;19;quarta-feira;ADULTO;0;NOTURNO
LESAO CORPORAL SEGUIDA DE MORTE;04:20;FELIPE CAMARÃO;RUA INDOMAR, EM FRENTE AO ESPETINHO DO DOCA . OCORRENCIA NO BAR DO DOCA;MASCULINO;PARDA;40;COMERCIANTE;NI;ARMA DE FOGO;maio;26;sexta-feira;ADULTO;4;MADRUGADA
HOMICIDIO;09:39;FELIPE CAMARÃO;RUA NOSSA SENHORA DO ROSARIO, PROXIMO A ESCOLA DJALMA MARANHAO.;MASCULINO;PARDA;17;AUTONOMO;NI;ARMA DE FOGO;agosto;25;sexta-feira;ADOLESCENTE;10;MATUTINO
HOMICIDIO;19:17;FELIPE CAMARÃO;TV SANTA ISABEL;MASCULINO;PARDA;46;DESEMPREGADO;NI;ARMA DE FOGO;setembro;21;quinta-feira;ADULTO;19;NOTURNO
HOMICIDIO;12:05;FELIPE CAMARÃO;RUA JOSE DA SERRA, Nº 808 (AREA INTERNA DA EMPRESA JONAS TUR);MASCULINO;PARDA;48;VIGIA;NI;ARMA DE FOGO;janeiro;18;quarta-feira;ADULTO;12;MATUTINO
LESAO CORPORAL SEGUIDA DE MORTE;18:45;FELIPE CAMARÃO;RUA SANTA IZABEL;MASCULINO;PARDA;28;GARÇOM;NI;ARMA DE FOGO;julho;1;sábado;ADULTO;19;NOTURNO
HOMICIDIO;01:00;FELIPE CAMARÃO;RUA SANTA IZABEL, Nº 105, APOS A LINHA FERREA AO LADO DA ESTACAO, CASA DE COR LARANJA;MASCULINO;PARDA;59;NI;NI;ARMA BRANCA;abril;14;sexta-feira;ADULTO;1;NOTURNO
LESAO CORPORAL SEGUIDA DE MORTE;03:00;FELIPE CAMARÃO;RUA PEIXE BOI, Nº 10 - PROXIMO A MADEREIRA VALE DO PARÁ, PROXIMO A BR 226;MASCULINO;PARDA;28;PESCADOR;NI;ARMA DE FOGO;março;20;segunda-feira;ADULTO;3;MADRUGADA
HOMICIDIO;20:30;FELIPE CAMARÃO;RUA MAR E CEU, Nº 137;MASCULINO;PARDA;59;MOTORISTA;NI;ARMA BRANCA;janeiro;29;domingo;ADULTO;21;NOTURNO
HOMICIDIO;20:30;FELIPE CAMARÃO;RUA JOSE VICENTE, PRACA FELIPE CAMARAO;MASCULINO;PARDA;15;VENDEDOR;NI;ARMA DE FOGO;fevereiro;10;sexta-feira;ADOLESCENTE;21;NOTURNO
HOMICIDIO;17:00;FELIPE CAMARÃO;RUA NOSSA SENHORA DO ROSARIO, Nº 652, PROXIMO A IGREJA DEUS É AMOR E A SUCATA DO JONAS, EM FRENTE AO BAZAR, PROXIMO A FAVELA DO FIO;MASCULINO;PARDA;28;COMERCIANTE;NI;ARMA DE FOGO;agosto;1;terça-feira;ADULTO;17;VESPERTINO
HOMICIDIO;04:00;FELIPE CAMARÃO;RUA DA FÉ, EM FRENTE AO Nº 501, PROXIMO A CAIXA D`AGUA.;MASCULINO;PARDA;40;NI;NI;ARMA DE FOGO;abril;7;sexta-feira;ADULTO;4;MADRUGADA
HOMICIDIO;20:00;FELIPE CAMARÃO;RUA PROF. ANTONIO TRIGUEIRO, DEFRONTE AO Nº 413 (ESPETINHO);MASCULINO;PARDA;23;AUXILIAR DE COZINHA;NI;ARMA DE FOGO;janeiro;26;quinta-feira;ADULTO;20;NOTURNO
HOMICIDIO;20:00;FELIPE CAMARÃO;RUA SAO SEBASTIAO, PROXIMO AO MERCADINHO DO JOAO;MASCULINO;PARDA;16;NI;NI;ARMA DE FOGO;dezembro;5;terça-feira;ADOLESCENTE;20;NOTURNO
HOMICIDIO;05:32;FELIPE CAMARÃO;RUA SANTA MARIA GORETE;MASCULINO;PARDA;16;DESEMPREGADO;NI;ARMA DE FOGO;junho;8;quinta-feira;ADOLESCENTE;6;MADRUGADA
HOMICIDIO;21:00;FELIPE CAMARÃO;AV NOSSA SENHORA DO ROSARIO, EM FRENTE AO Nº 09, PROXIMO A ANTIGA BASE DA PM;MASCULINO;PARDA;33;BARBEIRO;NI;ARMA DE FOGO;abril;17;segunda-feira;ADULTO;21;NOTURNO
HOMICIDIO;05:32;FELIPE CAMARÃO;RUA SANTA MARIA GORETE;MASCULINO;PARDA;21;DESEMPREGADO;NI;ARMA DE FOGO;junho;8;quinta-feira;ADULTO;6;MADRUGADA
HOMICIDIO;14:00;FELIPE CAMARÃO;RUA JOAQUIM DE CASTRO, EM FRENTE AO Nº 170 PROXIMO A LION AUDIO CAR, CRUZAMENTO COM A RUA INDOMAR, NA RUA DA IGREJA UNIVERSAL, LATERAL DO SUPERMERCADO REDE MAIS;MASCULINO;PARDA;16;DESEMPREGADO;NI;ARMA DE FOGO;maio;20;sábado;ADOLESCENTE;14;VESPERTINO
LESAO CORPORAL SEGUIDA DE MORTE;02:00;FELIPE CAMARÃO;TRAVESSA FERRO CARDOSO, ESQUINA COM A RUA RAINHA DO MAR, POR TRAS DA GARAGEM DA EMPRESA DE ONIBUS CONCEIÇÃO, PROXIMO AO MORRO;MASCULINO;PARDA;27;GARÇON;NI;ARMA DE FOGO;abril;15;sábado;ADULTO;2;MADRUGADA
HOMICIDIO;21:39;FELIPE CAMARÃO;RUA JOAQUIM CASTRO;MASCULINO;PARDA;38;NI;NI;ARMA DE FOGO;julho;9;domingo;ADULTO;22;NOTURNO
HOMICIDIO;06:03;FELIPE CAMARÃO;RUA TODOS OS SANTOS;MASCULINO;PARDA;25;DESEMPREGADO;NI;ESPANCAMENTO;janeiro;7;sábado;ADULTO;6;MADRUGADA
HOMICIDIO;05:47;FELIPE CAMARÃO;TV SANTA MARIA GORETE;MASCULINO;PARDA;15;NI;NI;ARMA DE FOGO;setembro;16;sábado;ADOLESCENTE;6;MADRUGADA
HOMICIDIO;19:00;FELIPE CAMARÃO;RUA CRUZEIRO DO SUL, Nº 128 KM 06, PROXIMO A EMPRESA SAO GERALDO;MASCULINO;PARDA;37;SERVENTE DE PEDREIRO;NI;ARMA DE FOGO;agosto;3;quinta-feira;ADULTO;19;NOTURNO
HOMICIDIO;19:00;FELIPE CAMARÃO;RUA JORNALISTA RAIMUNDO MAIONARA, EM FRENTE AO Nº 81, POR TRAS DO SUPER SHOW;MASCULINO;PARDA;18;DESEMPREGADO;NI;ARMA DE FOGO;junho;1;quinta-feira;ADULTO;19;NOTURNO
HOMICIDIO;19:00;FELIPE CAMARÃO;RUA PEDRINHO BEZERRA, Nº 2038;MASCULINO;PARDA;42;POLICIAL MILITAR - RESERVA;NI;ARMA DE FOGO;outubro;4;quarta-feira;ADULTO;19;NOTURNO
HOMICIDIO;19:45;GUARAPES;RUA MANOEL PASCOAL, (RUA ARAGUAINA) PROXIMO A CERCA DA MARINHA, NA GRANJA DE ZE GALEGO, PROXIMO A CASA Nº 31;MASCULINO;PARDA;23;NI;ENSINO FUNDAMENTAL INCOMPLETO;ARMA DE FOGO;novembro;2;quinta-feira;ADULTO;20;NOTURNO
HOMICIDIO;04:40;GUARAPES;ESTRADA CARROCAVEL (AVIARIO PROXIMO A ESTACAO DE RADIO DA MARINHA) POVOADO DOS GUARAPES, PROXIMO A AGUA MINERAL BLANCA;MASCULINO;PARDA;26;NI;NI;ARMA DE FOGO;abril;7;sexta-feira;ADULTO;5;MADRUGADA
HOMICIDIO;16:00;GUARAPES;EM CIMA DO MORRO NO GUARAPES;MASCULINO;PARDA;26;DESEMPREGADO;NI;ARMA DE FOGO;fevereiro;20;segunda-feira;ADULTO;16;VESPERTINO
HOMICIDIO;16:00;GUARAPES;EM CIMA DO MORRO NO GUARAPES;MASCULINO;PARDA;21;DESEMPREGADO;NI;ARMA DE FOGO;fevereiro;20;segunda-feira;ADULTO;16;VESPERTINO
LESAO CORPORAL SEGUIDA DE MORTE;20:00;GUARAPES;RUA NOVO GUARAPES;MASCULINO;PARDA;21;SERVENTE DE PEDREIRO;NI;ARMA DE FOGO;fevereiro;27;segunda-feira;ADULTO;20;NOTURNO
HOMICIDIO;11:49;GUARAPES;RUA NOSSA SENHORA DA VITORIA, Nº 12, POR TRAS DA CIGARREIRA DA PAZ;MASCULINO;PARDA;37;PEDREIRO;NI;ARMA DE FOGO;novembro;24;sexta-feira;ADULTO;12;MATUTINO
HOMICIDIO;11:49;GUARAPES;RUA SANTO ANTONIO, EM FRENTE AO Nº 68 A, PROXIMO AS TORRES DE ENERGIA, APOS O COLEGIO ALMERINDA;MASCULINO;PARDA;35;ASG;NI;ARMA DE FOGO;novembro;24;sexta-feira;ADULTO;12;MATUTINO
HOMICIDIO;12:40;IGAPÓ;AV TOMAZ LANDIM - VIADUTO DE IGAPO EM FRENTE AO RESTAURANTE POPULAR;MASCULINO;PARDA;59;MECANICO;ENSINO FUNDAMENTAL INCOMPLETO;ARMA BRANCA;dezembro;23;sábado;ADULTO;13;VESPERTINO
HOMICIDIO;01:00;IGAPÓ;RUA TERRA, Nº 53, PROXIMO A PRACA DO CONJ CIDADE DO SOL, NO BAR DO ZE;MASCULINO;PARDA;21;SERVENTE DE PEDREIRO;ENSINO FUNDAMENTAL INCOMPLETO;ARMA DE FOGO;dezembro;28;quinta-feira;ADULTO;1;NOTURNO
HOMICIDIO;22:30;IGAPÓ;RUA SAO VICENTE;MASCULINO;PARDA;20;SERVENTE DE PEDREIRO;NI;ARMA DE FOGO;janeiro;11;quarta-feira;ADULTO;23;NOTURNO
HOMICIDIO;15:14;IGAPÓ;RUA SALINAS - PROXIMO AO PROJETO CAMARAO SALINAS;MASCULINO;PARDA;27;NI;NI;ARMA DE FOGO;fevereiro;22;quarta-feira;ADULTO;15;VESPERTINO
LESAO CORPORAL SEGUIDA DE MORTE;11:04;IGAPÓ;PRAÇA SAO VICENTE DE PAULA - EM FRENTE AO CARTORIO DE IGAPO;MASCULINO;PARDA;38;DESEMPREGADO;NI;ARMA DE FOGO;setembro;30;sábado;ADULTO;11;MATUTINO
HOMICIDIO;23:50;IGAPÓ;RUA JOAO RODRIGUES DA SILVA, Nº 121 PROXIMO A CLINICA OITAVO ROSADO, PROXIMO A IGREJA ASSEMBLEIA DE DEUS;MASCULINO;PARDA;31;DESEMPREGADO;NI;ARMA DE FOGO;novembro;30;quinta-feira;ADULTO;24;NOTURNO
LESAO CORPORAL SEGUIDA DE MORTE;10:40;IGAPÓ;PROXIMO A ESTACAO DE TREM NA RUA CAMPO SANTO, PROXIMO AO ATACADAO;MASCULINO;PARDA;23;NI;NI;ARMA DE FOGO;abril;28;sexta-feira;ADULTO;11;MATUTINO
HOMICIDIO;23:05;IGAPÓ;RUA HENRIQUE DIAS, EM FRENTE AO CASA DE NUMERO 1357, PROXIMO AS SUCATAS E PROXIMO AO BAR CABECA DO BODE;MASCULINO;PARDA;24;NI;NI;ARMA DE FOGO;maio;3;quarta-feira;ADULTO;23;NOTURNO
HOMICIDIO;21:15;IGAPÓ;TV STA LUZIA, EM FRENTE AO Nº 204 CASA 2 - PROX A CLINICA OITAVA ROSADO;MASCULINO;PARDA;35;MECANICO;NI;ARMA DE FOGO;fevereiro;25;sábado;ADULTO;21;NOTURNO
HOMICIDIO;00:58;IGAPÓ;RUA PRESIDENTE MEDICI, POR TRAS DA LOJA INSINUANTE.;MASCULINO;PARDA;36;NI;NI;PEDRADA;maio;7;domingo;ADULTO;1;NOTURNO
HOMICIDIO;21:30;IGAPÓ;RUA SIQUEIRA CAMPOS;MASCULINO;PARDA;17;DESEMPREGADO;NI;ARMA DE FOGO;abril;28;sexta-feira;ADOLESCENTE;22;NOTURNO
HOMICIDIO;07:00;IGAPÓ;TV SAO DOMINGOS, EM FRENTE AO NUMERO 10, ACESSO PELA RUA PASTOR JOAQUIM BATISTA DE MACEDO, PROXIMO AO GANCHO, POR TRAS DA INSINUANTE;MASCULINO;PARDA;22;AUXILIAR DE PIZZAIOLO;NI;ARMA DE FOGO;abril;25;terça-feira;ADULTO;7;MATUTINO
HOMICIDIO;15:00;IGAPÓ;AV ULISSES GUIMARAES, Nº 40 CARTORIO DA REDINHA;MASCULINO;PARDA;30;SERVENTE DE PEDREIRO;NI;ARMA DE FOGO;março;3;sexta-feira;ADULTO;15;VESPERTINO
HOMICIDIO;09:00;IGAPÓ;RUA SANTO AGOSTINHO, PROXIMO A RUA DA FEIRA, PROXIMO A ESCOLA IRMA ARCANGELA, PROXIMO AO POSTO DE SAUDE.;MASCULINO;PARDA;20;NI;NI;ARMA DE FOGO;setembro;4;segunda-feira;ADULTO;9;MATUTINO
HOMICIDIO;12:04;IGAPÓ;RUA IRMA VITORIA, PROXIMO A LOJA SANTA MARIA, PROXIMO AO POSTO DE SAUDE;MASCULINO;PARDA;19;DESEMPREGADO;NI;ARMA DE FOGO;setembro;4;segunda-feira;ADULTO;12;MATUTINO
HOMICIDIO;22:00;IGAPÓ;RUA BRISA DO MAR, Nº 11;FEMININO;PARDA;21;NI;NI;ARMA DE FOGO;março;29;quarta-feira;ADULTO;22;NOTURNO
LESAO CORPORAL SEGUIDA DE MORTE;17:00;IGAPÓ;RUA HENRIQUE DIAS;MASCULINO;NI;20;NI;NI;ARMA DE FOGO;junho;25;domingo;ADULTO;17;VESPERTINO
HOMICIDIO;05:00;IGAPÓ;CORPO LOCALIZADO NO MANGUEZAL AS MARGENS DO RIO POTENGI, PROXIMO A PONTE VELHA, NA COMUNIDADE DO BEIRA RIO;MASCULINO;PARDA;30;PESCADOR;NI;ARMA DE FOGO;agosto;12;sábado;ADULTO;5;MADRUGADA
HOMICIDIO;01:30;IGAPÓ;TV MARCILIO DIAS, Nº 63;MASCULINO;PARDA;27;ESTOQUISTA;NI;ARMA DE FOGO;março;15;quarta-feira;ADULTO;2;MADRUGADA
HOMICIDIO;17:50;IGAPÓ;VILA PEDRA PRETA, RUA SANTO INACIO DE LOYOLA;MASCULINO;PARDA;24;DESEMPREGADO;NI;ARMA DE FOGO;fevereiro;27;segunda-feira;ADULTO;18;VESPERTINO
HOMICIDIO;06:00;IGAPÓ;AV DAS FRONTEIRAS;MASCULINO;PARDA;20;AUTONOMO;NI;ARMA DE FOGO;agosto;24;quinta-feira;ADULTO;6;MADRUGADA
HOMICIDIO;23:20;IGAPÓ;TV SANTA LUZIA EM FRENTE AO Nº 06;MASCULINO;PARDA;19;NI;NI;ARMA DE FOGO;janeiro;21;sábado;ADULTO;23;NOTURNO
HOMICIDIO;19:00;IGAPÓ;"RUA BELA VISTA, EM FRENTE A ""DETY""";MASCULINO;PARDA;22;NI;NI;ARMA DE FOGO;agosto;6;domingo;ADULTO;19;NOTURNO
HOMICIDIO;00:10;LAGOA AZUL;RUA DA QUINA, Nº 870 POR TRAS DO GINASIO NELIO DIAS;MASCULINO;PARDA;19;DESEMPREGADO;ENSINO FUNDAMENTAL INCOMPLETO;ARMA DE FOGO;outubro;16;segunda-feira;ADULTO;0;NOTURNO
HOMICIDIO;09:00;LAGOA AZUL;RUA SAO GERALDO, PROXIMO A AV BUMBA MEU BOI, PROXIMO A CASA DA BANANA.;MASCULINO;PARDA;29;DESEMPREGADO;ENSINO FUNDAMENTAL INCOMPLETO;ARMA DE FOGO;novembro;4;sábado;ADULTO;9;MATUTINO
LESAO CORPORAL SEGUIDA DE MORTE;22:00;LAGOA AZUL;RUA MARIA ANUNCIADA DA SILVA COM AV.TRES AMERICAS;MASCULINO;PARDA;19;VENDEDOR;ENSINO FUNDAMENTAL INCOMPLETO;ARMA DE FOGO;dezembro;11;segunda-feira;ADULTO;22;NOTURNO
HOMICIDIO;22:30;LAGOA AZUL;RUA PE DE MOLEQUE- , ANTIGA R. MULUNGÚS, EM FRENTE AO Nº 3188 A;MASCULINO;PARDA;24;VIDRACEIRO;NI;ARMA DE FOGO;setembro;29;sexta-feira;ADULTO;23;NOTURNO
HOMICIDIO;16:50;LAGOA AZUL;RUA HAVANA, EM FRENTE AO IMOVEL ,Nº 275;MASCULINO;PARDA;19;DESEMPREGADO;NI;ARMA DE FOGO;julho;31;segunda-feira;ADULTO;17;VESPERTINO
LATROCINIO;02:43;LAGOA AZUL;AV MOEMA TINOCO, PROXIMO A BR 101;MASCULINO;PARDA;34;SEGURANÇA;NI;ARMA BRANCA;abril;3;segunda-feira;ADULTO;3;MADRUGADA
HOMICIDIO;07:30;LAGOA AZUL;RUA SAO MARTINS, nº 64 - POSTO DE GAS PROXIMO AO POSTO DE GASOLINA DE NOVA NATAL;MASCULINO;PARDA;18;NI;NI;ARMA DE FOGO;dezembro;23;sábado;ADULTO;8;MATUTINO
HOMICIDIO;08:30;LAGOA AZUL;RUA SANTA CRISTINA PROXIMO AO MATERIAL DE CONSTRUCAO MARANGUAPE E A AVENIDA TRES LAGOAS, CORPO ENCONTRADO NA REGIAO DE DUNAS (CERCA DE 200 M DA LAGOA AZUL);MASCULINO;PARDA;15;NI;NI;ARMA DE FOGO;julho;12;quarta-feira;ADOLESCENTE;9;MATUTINO
HOMICIDIO;08:30;LAGOA AZUL;RUA SANTA CRISTINA PROXIMO AO MATERIAL DE CONSTRUCAO MARANGUAPE E A AVENIDA TRES LAGOAS, CORPO ENCONTRADO NA REGIAO DE DUNAS (CERCA DE 200 M DA LAGOA AZUL);MASCULINO;PARDA;16;NI;NI;ARMA DE FOGO;julho;12;quarta-feira;ADOLESCENTE;9;MATUTINO
HOMICIDIO;19:19;LAGOA AZUL;AV GUARARAPES COM A TV FRANCISCO FIGUEIREDO (RUA JOAO RODRIGUES, Nº 39) PROXIMO AO MERCADINHO SANTO EXPEDITO, PROXIMO A IGREJA ASSEMBLEIA DE DEUS, PROXIMO AO CAMPO DO CAJUEIRO;MASCULINO;PARDA;19;DESEMPREGADO;NI;ARMA DE FOGO;dezembro;2;sábado;ADULTO;19;NOTURNO
HOMICIDIO;16:20;LAGOA AZUL;RUA SAO GERALDO - TERRENO BALDIO;MASCULINO;PARDA;18;NI;NI;ARMA DE FOGO;janeiro;9;segunda-feira;ADULTO;16;VESPERTINO
HOMICIDIO;04:40;LAGOA AZUL;RUA ARARUNA;MASCULINO;PARDA;47;MOTORISTA;NI;ARMA DE FOGO;janeiro;12;quinta-feira;ADULTO;5;MADRUGADA
HOMICIDIO;11:00;LAGOA AZUL;RUA CENTRO DA LAGOA EM FRENTE A CASA Nº 413 (PROX AO SHALON);MASCULINO;PARDA;17;ESTUDANTE;NI;ARMA DE FOGO;março;13;segunda-feira;ADOLESCENTE;11;MATUTINO
HOMICIDIO;11:00;LAGOA AZUL;RUA CENTRO DA LAGOA EM FRENTE A CASA Nº 413 (PROX AO SHALON);MASCULINO;PARDA;16;NI;NI;ARMA DE FOGO;março;13;segunda-feira;ADOLESCENTE;11;MATUTINO
LESAO CORPORAL SEGUIDA DE MORTE;22:20;LAGOA AZUL;RUA UNIAO DA VITORIA DENTRO DE UM DEPOSITO DE MATERIAL DE CONTRUÇÃO;MASCULINO;PARDA;27;ESTUDANTE;NI;ARMA DE FOGO;março;26;domingo;ADULTO;22;NOTURNO
HOMICIDIO;13:28;LAGOA AZUL;RUA SÃO MATEUS - EM FRENTE A CASA 2B;MASCULINO;PARDA;27;DESEMPREGADO;NI;ARMA DE FOGO;junho;21;quarta-feira;ADULTO;13;VESPERTINO
HOMICIDIO;00:49;LAGOA AZUL;AV NILA JALES, Nº 1262, PROXIMO A IGREJA BATISTA;FEMININO;PARDA;22;DESEMPREGADO;NI;ARMA DE FOGO;setembro;7;quinta-feira;ADULTO;1;NOTURNO
LESAO CORPORAL SEGUIDA DE MORTE;13:21;LAGOA AZUL;RUA MONTE GLOSA, PROXIMO A QUADRA DE ESPORTES VELHA, PROXIMO AO CLUBE DE MAES;MASCULINO;PARDA;50;PEDREIRO;NI;ARMA BRANCA;agosto;27;domingo;ADULTO;13;VESPERTINO
HOMICIDIO;07:49;LAGOA AZUL;RUA ANTONIO FURTADO DE OLIVEIRA, Nº 203, PROXIMO AO POSTO DA CAERN E AO CMEI;MASCULINO;PARDA;45;NI;NI;ARMA DE FOGO;julho;16;domingo;ADULTO;8;MATUTINO
HOMICIDIO;23:00;LAGOA AZUL;RUA GUAIRÁ - NO RALF DO GRAMORE;MASCULINO;PARDA;17;ESTUDANTE;NI;ARMA DE FOGO;janeiro;31;terça-feira;ADOLESCENTE;23;NOTURNO
HOMICIDIO;23:00;LAGOA AZUL;RUA TIJUANA - EM FRENTE AO COMERCIAL JUNIOR, PROXIMIDADES DA RUA DA FEIRA, PROXIMO A PANIFICADORA DO JOAO;MASCULINO;PARDA;16;NI;NI;ARMA DE FOGO;novembro;14;terça-feira;ADOLESCENTE;23;NOTURNO
HOMICIDIO;08:40;LAGOA AZUL;TV LAGOA DO MATO, PROXIMO AO Nº 35 POR TRAS DO 4º BPM;MASCULINO;PARDA;43;TECNICO DE REFRIGERACAO;NI;ARMA DE FOGO;março;7;terça-feira;ADULTO;9;MATUTINO
HOMICIDIO;00:50;LAGOA AZUL;RUA DAS VIOLEIROS;MASCULINO;PARDA;33;MONTADOR DE CAMARA FRIA;NI;ARMA BRANCA;junho;10;sábado;ADULTO;1;NOTURNO
HOMICIDIO;10:00;LAGOA AZUL;RUA CANTIGA DE RODA, EM FRENTE A RESIDENCIA Nº 3093;FEMININO;PARDA;32;DO LAR;NI;ARMA DE FOGO;agosto;19;sábado;ADULTO;10;MATUTINO
LESAO CORPORAL SEGUIDA DE MORTE;22:10;LAGOA AZUL;NI;MASCULINO;PARDA;27;NI;NI;ARMA DE FOGO;janeiro;21;sábado;ADULTO;22;NOTURNO
HOMICIDIO;22:07;LAGOA AZUL;RUA ANTONIO BATISTA ARAUJO;MASCULINO;PARDA;33;NI;NI;ARMA DE FOGO;setembro;15;sexta-feira;ADULTO;22;NOTURNO
HOMICIDIO;17:30;LAGOA AZUL;AREA DE MATA, ESTRADA CARROCAVEL, PROXIMO AO TERMINAL DE ONIBS DA LINHA 10-29;MASCULINO;PARDA;30;MOTOBOY;NI;ARMA DE FOGO;julho;15;sábado;ADULTO;18;VESPERTINO
HOMICIDIO;17:31;LAGOA AZUL;RUA PONTAL DO NORTE, PROXIMO AO TERMINAL DOS ALTERNATIVOS DE NORDELANDIA;MASCULINO;PARDA;22;PEDREIRO;NI;ARMA DE FOGO;março;23;quinta-feira;ADULTO;18;VESPERTINO
HOMICIDIO;20:12;LAGOA AZUL;RUA DO MISTICISMO EM FRENTE A CASA Nº 986 C;MASCULINO;PARDA;27;PEDREIRO;NI;ARMA DE FOGO;setembro;21;quinta-feira;ADULTO;20;NOTURNO
HOMICIDIO;00:16;LAGOA AZUL;RUA JOAO RODRIGUES, Nº 09;MASCULINO;PARDA;31;COZINHEIRO;NI;ARMA DE FOGO;abril;1;sábado;ADULTO;0;NOTURNO
HOMICIDIO;00:30;LAGOA AZUL;RUA DOM PEDRO I;MASCULINO;PARDA;21;AUTONOMO;NI;ARMA DE FOGO;fevereiro;1;quarta-feira;ADULTO;1;NOTURNO
HOMICIDIO;16:30;LAGOA AZUL;RUA DOS REPENTISTAS, Nº 3058, LATERAL DA IGREJA UNIVERSAL;MASCULINO;PARDA;22;DESEMPREGADO;NI;ARMA BRANCA;setembro;9;sábado;ADULTO;17;VESPERTINO
HOMICIDIO;21:30;LAGOA AZUL;RUA DAS ARGOLINHOS, PROXIMO A IGREJA TESTEMUNHA DE JEOVA, NO INICIO DO LOT CAMARA CASCUDO;MASCULINO;PARDA;31;DESEMPREGADO;NI;ARMA DE FOGO;maio;16;terça-feira;ADULTO;22;NOTURNO
HOMICIDIO;19:50;LAGOA AZUL;RUA PINHAO CONJ. NOVA NATAL - PROXIMO A RESIDENCIA;MASCULINO;PARDA;62;MARCENEIRO;NI;ARMA DE FOGO;outubro;7;sábado;IDOSO;20;NOTURNO
LESAO CORPORAL SEGUIDA DE MORTE;17:40;LAGOA AZUL;RUA CCAB SUL, PROXIMO AO CHALON, PROXIMO A IGREJA CATOLICA;MASCULINO;PARDA;34;AUXILIAR DE COZINHA;NI;ARMA DE FOGO;julho;18;terça-feira;ADULTO;18;VESPERTINO
HOMICIDIO;15:40;LAGOA AZUL;AV GUARARAPES - PROXIMO AO MERCADINHO DANTAS , IGREJA ASSEMBLEIA DE DEUS E GINASIO NELIO DIAS;MASCULINO;PARDA;18;NI;NI;ARMA DE FOGO;dezembro;23;sábado;ADULTO;16;VESPERTINO
HOMICIDIO;19:15;LAGOA AZUL;RUA SOCORRO DE OLIVEIRA;MASCULINO;PARDA;28;DESEMPREGADO;NI;ESPANCAMENTO;julho;17;segunda-feira;ADULTO;19;NOTURNO
HOMICIDIO;18:30;LAGOA AZUL;RUA ANITA MARQUES, Nº 35 - CORPO ENCONTRADO EM UMA GRANJA, PROXIMO AO CONJ DE VILMA;MASCULINO;PARDA;35;MARCENEIRO;NI;ARMA DE FOGO;janeiro;28;sábado;ADULTO;19;NOTURNO
HOMICIDIO;01:00;LAGOA AZUL;RUA SAO MATEUS Nº 35 - RABO DA GATA, PROXIMO AO TERMINAL DE ONIBUS DO GRAMORE, PROXIMO A LAGOA DE CAPTACAO;MASCULINO;PARDA;22;DESEMPREGADO;NI;ARMA DE FOGO;novembro;8;quarta-feira;ADULTO;1;NOTURNO
HOMICIDIO;03:00;LAGOA AZUL;RUA PONTAL DO NORTE, PROXIMO AO CAMPO MACONHAO, PROXIMO A SERRARIA;MASCULINO;PARDA;21;NI;NI;ARMA DE FOGO;agosto;6;domingo;ADULTO;3;MADRUGADA
HOMICIDIO;00:40;LAGOA AZUL;RUA TRES LAGOAS - PROX AO TERMINAL DE ONIBUS DO NOVA NATAL - PROXIMO AO CAMPO DO ARLINDO;MASCULINO;PARDA;37;ASG;NI;ARMA DE FOGO;março;15;quarta-feira;ADULTO;1;NOTURNO
LESAO CORPORAL SEGUIDA DE MORTE;00:42;LAGOA AZUL;AV DA CHEGANCA, PROXIMO A FARMACIA SANTA FE, EM FRNETE A O TREILLER (BRANCO), PROXIMO A CONVENIENCIA 24H;MASCULINO;PARDA;16;ESTUDANTE;NI;ARMA DE FOGO;agosto;18;sexta-feira;ADOLESCENTE;1;NOTURNO
HOMICIDIO;22:00;LAGOA AZUL;AV TRES AMERICAS, EM FRENTE AO Nº 234 (POR TRAS DA IGREJA CATOLICA);MASCULINO;PARDA;29;DESEMPREGADO;NI;ARMA DE FOGO;março;25;sábado;ADULTO;22;NOTURNO
HOMICIDIO;00:00;LAGOA AZUL;RUA VERIADOR SERGIO DIEB;MASCULINO;PARDA;28;NI;NI;ESPANCAMENTO;setembro;12;terça-feira;ADULTO;0;NOTURNO
HOMICIDIO;22:00;LAGOA AZUL;RUA MARIA ANUNCIADA DA SILVA COM AV.TRES AMERICAS;MASCULINO;PARDA;17;NI;NI;ARMA DE FOGO;dezembro;11;segunda-feira;ADOLESCENTE;22;NOTURNO
HOMICIDIO;13:49;LAGOA AZUL;RUA APOSTOLO ANDRE S/N;MASCULINO;PARDA;48;POLICIAL MILITAR - RESERVA;NI;ARMA DE FOGO;janeiro;4;quarta-feira;ADULTO;14;VESPERTINO
HOMICIDIO;17:00;LAGOA AZUL;TV LAGOA DO MATO- AREA DE DUNAS;MASCULINO;PARDA;24;NI;NI;ARMA DE FOGO;junho;22;quinta-feira;ADULTO;17;VESPERTINO
HOMICIDIO;04:00;LAGOA AZUL;RUA ANITA MARQUES, CORPO ENCONTRADO EM UMA ESTRADA CARROCAVEL, EM REGIAO DE MATA E POUCO POVOADA, PROXIMO A LAGOA AZUL;MASCULINO;PARDA;50;AUTONOMO;NI;ARMA DE FOGO;maio;25;quinta-feira;ADULTO;4;MADRUGADA
HOMICIDIO;20:00;LAGOA AZUL;AV AMELIA CRISTINA, PROXIMO AO BAR DO PIRAO;MASCULINO;PARDA;32;NI;NI;ARMA DE FOGO;agosto;6;domingo;ADULTO;20;NOTURNO
HOMICIDIO;05:00;LAGOA AZUL;RUA ANTONIO BATISTA DE ARAUJO, Nº 248, EM FRENTE A ACADEMIA ALEX FITNES, PROXIMO AO CENTRO CULTURAL;MASCULINO;PARDA;22;NI;NI;ARMA DE FOGO;maio;5;sexta-feira;ADULTO;5;MADRUGADA
LESAO CORPORAL SEGUIDA DE MORTE;19:57;LAGOA AZUL;RUA GUSTAVO GOMES;MASCULINO;PARDA;26;PEDREIRO;NI;ARMA DE FOGO;janeiro;12;quinta-feira;ADULTO;20;NOTURNO
HOMICIDIO;12:51;LAGOA AZUL;RUA BOI BARROSO, Nº 1160;FEMININO;PARDA;41;NI;NI;ARMA DE FOGO;outubro;16;segunda-feira;ADULTO;13;VESPERTINO
LESAO CORPORAL SEGUIDA DE MORTE;16:04;LAGOA AZUL;AV BELA VISTA, PROXIMO AO POSTO DE GASOLINA;MASCULINO;PARDA;32;TAXISTA;NI;ARMA DE FOGO;agosto;3;quinta-feira;ADULTO;16;VESPERTINO
HOMICIDIO;18:00;LAGOA AZUL;RUA DOS LIRIOS COM A RUA SAO RAFAEL, AO LADO DO Nº 169, PROXIMO AO POSTO DO LOT JOSE SARNEY;MASCULINO;PARDA;28;DESEMPREGADO;NI;ARMA DE FOGO;julho;27;quinta-feira;ADULTO;18;VESPERTINO
HOMICIDIO;23:20;LAGOA AZUL;RUA MILAJATES - EM FRENTE AO Nº 253;MASCULINO;PARDA;20;DESEMPREGADO;NI;ARMA DE FOGO;setembro;30;sábado;ADULTO;23;NOTURNO
HOMICIDIO;19:00;LAGOA AZUL;AV DO ABOIO, Nº 942, EM FRENTE AO SALAO NOVA NATAL, NA PRACA AO LADO DO CAMPO DE FUTEBOL POR TRAS DA IGREJAM CATOLICA;MASCULINO;PARDA;24;CHEFE DE COZINHA;NI;ARMA DE FOGO;julho;27;quinta-feira;ADULTO;19;NOTURNO
HOMICIDIO;08:10;LAGOA NOVA;RUA DO JASPE, EM FRENTE AO Nº 377 (EM UM COMERCIO, LOJA DE MATERIAL DE CONSTRUÇÃO ETEL;MASCULINO;BRANCA;31;AJUDANTE;NI;ARMA DE FOGO;abril;17;segunda-feira;ADULTO;8;MATUTINO
HOMICIDIO;11:20;LAGOA NOVA;RUA SAO VICENTE COM A AV JAGUARARI AO LADO DA LOJA ELTRICAR;MASCULINO;PARDA;20;DESEMPREGADO;NI;ARMA DE FOGO;janeiro;30;segunda-feira;ADULTO;11;MATUTINO
LESAO CORPORAL SEGUIDA DE MORTE;17:54;LAGOA NOVA;AV PRUDENTE DE MORAIS, EM FRENTE AO AGENCIA DO BRADESCO;MASCULINO;PARDA;57;DESEMPREGADO;NI;ARMA DE FOGO;outubro;16;segunda-feira;ADULTO;18;VESPERTINO
LESAO CORPORAL SEGUIDA DE MORTE;22:53;LAGOA NOVA;AV. ANTONIO BASILIO, POR TRAS DO HIPER BOM PRECO;MASCULINO;PARDA;28;DESEMPREGADO;NI;ARMA DE FOGO;agosto;10;quinta-feira;ADULTO;23;NOTURNO
LATROCINIO;10:00;LAGOA NOVA;RUA CICERO PINTO, EM FRENTE AO Nº 20, PROX AO SAMU;MASCULINO;PARDA;46;POLICIAL MILITAR;NI;ARMA DE FOGO;março;14;terça-feira;ADULTO;10;MATUTINO
HOMICIDIO;06:40;LAGOA NOVA;RUA MINISTRO RAIMUNDO BRITO, LATERAL DO IDEMA, PROXIMO A LANCHONETE BOBS;MASCULINO;PARDA;55;DESEMPREGADO;NI;ARMA BRANCA;maio;23;terça-feira;ADULTO;7;MATUTINO
HOMICIDIO;19:30;LAGOA NOVA;AV. ROMUALDO GALVAON Nº 1530 - NO ESPETINHO DO TECO;MASCULINO;PARDA;23;NI;NI;ARMA DE FOGO;janeiro;31;terça-feira;ADULTO;20;NOTURNO
HOMICIDIO;21:30;LAGOA NOVA;BR 101 EM FRENTE A PARADA DE TRANSPORTE OPCIONAL DO SHOPPING VIA DIRETA;MASCULINO;NEGRA;23;NI;NI;ARMA DE FOGO;março;8;quarta-feira;ADULTO;22;NOTURNO
HOMICIDIO;19:41;LAGOA NOVA;RUA TEREZA CAMPOS - EM FRENTE AO Nº 2525;MASCULINO;PARDA;15;DESEMPREGADO;NI;ARMA DE FOGO;junho;8;quinta-feira;ADOLESCENTE;20;NOTURNO
LESAO CORPORAL SEGUIDA DE MORTE;20:35;LAGOA NOVA;AV JAGUARARI, ESQUINA DA ELETRICAR;MASCULINO;PARDA;31;COMERCIANTE;NI;ARMA DE FOGO;agosto;5;sábado;ADULTO;21;NOTURNO
HOMICIDIO;21:00;LAGOA NOVA;AV CAPITAO MOR GOUVEIA - PROXIMO AO SENAI;MASCULINO;PARDA;29;DESEMPREGADO;NI;ARMA BRANCA;dezembro;22;sexta-feira;ADULTO;21;NOTURNO
LESAO CORPORAL SEGUIDA DE MORTE;21:39;LAGOA NOVA;AV JAGUARARI, PROXIMO A ELETRICAR, PROXIMO A PANIFICADORA GOSTO DE PAO.;MASCULINO;PARDA;27;ESTUDANTE;NI;ARMA DE FOGO;agosto;15;terça-feira;ADULTO;22;NOTURNO
HOMICIDIO;19:00;LAGOA NOVA;AV NASCIMENTO DE CASTRO, PROXIMO A OCA DO ACAI, EM FRENTE A SEDE DA PRF;MASCULINO;PARDA;20;DESEMPREGADO;NI;ARMA DE FOGO;abril;13;quinta-feira;ADULTO;19;NOTURNO
HOMICIDIO;02:04;LAGOA SECA;AV BERNARDO VIEIRA COM SAO JOSE - PROXIMO A QUEIROZ OLIVEIRA EM FRENTE AO RG BAR;MASCULINO;PARDA;18;DESEMPREGADO;ENSINO FUNDAMENTAL COMPLETO;ARMA DE FOGO;dezembro;22;sexta-feira;ADULTO;2;MADRUGADA
LESAO CORPORAL SEGUIDA DE MORTE;14:35;MÃE LUÍZA;AV JOAO XXIII;MASCULINO;PARDA;53;VIGILANTE PARTICULAR;NI;ARMA DE FOGO;janeiro;19;quinta-feira;ADULTO;15;VESPERTINO
HOMICIDIO;11:48;MÃE LUÍZA;PROXIMO A 2ª TV JOAO XXIII, DA AV JOAO XXIII (AREA DE MORRO);MASCULINO;PARDA;41;PEDREIRO;NI;ARMA DE FOGO;abril;27;quinta-feira;ADULTO;12;MATUTINO
HOMICIDIO;21:20;MÃE LUÍZA;RUA JOAO XXIII;MASCULINO;PARDA;22;AUTONOMO;NI;ARMA DE FOGO;janeiro;12;quinta-feira;ADULTO;21;NOTURNO
HOMICIDIO;15:30;MÃE LUÍZA;2ª TV JOAO XXIII;MASCULINO;PARDA;23;DESEMPREGADO;NI;ARMA DE FOGO;janeiro;27;sexta-feira;ADULTO;16;VESPERTINO
LESAO CORPORAL SEGUIDA DE MORTE;19:15;MÃE LUÍZA;RUA CAMARAGIBE, Nº 332;MASCULINO;PARDA;43;AUTONOMO;NI;ARMA DE FOGO;abril;12;quarta-feira;ADULTO;19;NOTURNO
HOMICIDIO;15:49;MÃE LUÍZA;RUA SAO JOSE, PROXIMO AO BAR DE TIQUINHA, PROXIMO A PADARIA, NA LOCALIDADE CONHECIDA COMO BACIA, PROXIMO AO FAROL DE AME LUIZA;MASCULINO;PARDA;32;DESEMPREGADO;NI;ARMA DE FOGO;julho;16;domingo;ADULTO;16;VESPERTINO
HOMICIDIO;16:00;MÃE LUÍZA;RUA SAQUAREMA;MASCULINO;PARDA;61;ELETRICISTA;NI;ARMA DE FOGO;julho;29;sábado;IDOSO;16;VESPERTINO
HOMICIDIO;00:00;MÃE LUÍZA;TV SAO JOSE, EM FRENTE AO Nº 11, PROXIMO AO MERCADINHO FLORANIA;MASCULINO;PARDA;49;DESEMPREGADO;NI;PEDRADA;abril;29;sábado;ADULTO;0;NOTURNO
HOMICIDIO;17:00;MÃE LUÍZA;RUA JOAO XIII EM FRENTE AO POSTO DE SAUDE;MASCULINO;PARDA;39;NI;NI;ARMA DE FOGO;fevereiro;7;terça-feira;ADULTO;17;VESPERTINO
HOMICIDIO;04:00;MÃE LUÍZA;RUA JOAO XXIII EM FRENTE AO Nº 305, PROXIMO A PAULA YASMIN VARIEDADES, PROXIMO A IGREJA CATOLICA, NA ESQUINA DO TERMINAL;MASCULINO;PARDA;40;PENSIONISTA;NI;ARMA DE FOGO;abril;8;sábado;ADULTO;4;MADRUGADA
HOMICIDIO;09:30;NEÓPOLIS;AV. AYRTON SENNA, EM FRENTE AO NEOSHOPPING;MASCULINO;PARDA;23;CHAPEIRO;NI;ARMA DE FOGO;abril;23;domingo;ADULTO;10;MATUTINO
HOMICIDIO;16:36;NEÓPOLIS;RUA MATA GRANDE, Nº 09, PROXIMO A QUADRA DE ESPORTES , PROXIMO AO SENAC;MASCULINO;PARDA;32;NI;NI;ARMA DE FOGO;dezembro;28;quinta-feira;ADULTO;17;VESPERTINO
HOMICIDIO;04:00;NEÓPOLIS;CORPO ENCONTRADO MARGEM DIREITA DA BR 101, PROXIMIDADES DO TUNEL DA AV DAS LAGOAS, AO LADO DO SAMS CLUB, EM UM TERRENO QUE ESTA EM OBRAS;MASCULINO;PARDA;33;DESEMPREGADO;NI;ARMA DE FOGO;abril;9;domingo;ADULTO;4;MADRUGADA
LESAO CORPORAL SEGUIDA DE MORTE;14:00;NEÓPOLIS;AV DAS ALAGOAS (BAR DO XEXEU);MASCULINO;PARDA;35;POLICIAL MILITAR;NI;ARMA DE FOGO;fevereiro;25;sábado;ADULTO;14;VESPERTINO
LATROCINIO;17:50;NEÓPOLIS;RUA SIMON BOLIVAR, PROXIMO AO Nº 47;MASCULINO;PARDA;55;SERVIDOR PUBLICO;NI;ARMA DE FOGO;maio;2;terça-feira;ADULTO;18;VESPERTINO
LESAO CORPORAL SEGUIDA DE MORTE;07:15;NI;NI;FEMININO;PARDA;46;DESEMPREGADO;NI;ARMA DE FOGO;janeiro;31;terça-feira;ADULTO;7;MATUTINO
LESAO CORPORAL SEGUIDA DE MORTE;07:00;NI;AVENIDA MARANGUAPE;MASCULINO;PARDA;20;DESEMPREGADO;NI;ARMA DE FOGO;setembro;25;segunda-feira;ADULTO;7;MATUTINO
HOMICIDIO;00:00;NI;NI;MASCULINO;PARDA;38;NI;NI;ARMA DE FOGO;agosto;28;segunda-feira;ADULTO;0;NOTURNO
HOMICIDIO;20:30;NI;AV. NASCIMENTO DE CASTRO, EM FRENTE A CASA Nº 24 PROXIMO A ENTRADA DA QUADRA DO MERETO DA 7, PROXIMO AO MERCADINHO ZE DO BODE;MASCULINO;PARDA;20;NI;NI;ARMA DE FOGO;dezembro;14;quinta-feira;ADULTO;21;NOTURNO
LESAO CORPORAL SEGUIDA DE MORTE;22:56;NI;NI;MASCULINO;PARDA;29;ESTUDANTE;NI;ARMA DE FOGO;abril;23;domingo;ADULTO;23;NOTURNO
LESAO CORPORAL SEGUIDA DE MORTE;NI;NI;RUA ALVORADA COM RUA NOSSA SENHORA DO Ô;MASCULINO;PARDA;23;DESEMPREGADO;NI;ARMA DE FOGO;agosto;25;sexta-feira;ADULTO;NI;NI
HOMICIDIO;21:00;NORDESTE;RUA RIO POTENGI, EM FRENTE A CASA Nº 3519;MASCULINO;PARDA;28;DESEMPREGADO;ENSINO FUNDAMENTAL INCOMPLETO;ARMA DE FOGO;dezembro;10;domingo;ADULTO;21;NOTURNO
HOMICIDIO;21:00;NORDESTE;RUA RIO POTENGI, EM FRENTE A CASA Nº 3519;MASCULINO;PARDA;25;DESEMPREGADO;ENSINO FUNDAMENTAL INCOMPLETO;ARMA DE FOGO;dezembro;10;domingo;ADULTO;21;NOTURNO
LESAO CORPORAL SEGUIDA DE MORTE;16:47;NORDESTE;RUA NORDESTE, Nº 875;MASCULINO;PARDA;45;MOTOBOY;NI;ARMA DE FOGO;setembro;13;quarta-feira;ADULTO;17;VESPERTINO
HOMICIDIO;06:43;NORDESTE;CORPO ENCONTRADO NA RUA ARARAI, POR TRAS DA COMPAL;MASCULINO;PARDA;27;NI;NI;ARMA DE FOGO;março;27;segunda-feira;ADULTO;7;MATUTINO
HOMICIDIO;10:22;NORDESTE;AVENIDA INDUSTRIAL J. MOTA, PROXIMO A PONTE DE IGAPO, LADO DIREITO SENTIDO ZONA OESTE, DEFRONTE AO CORTUME, CORPO BOAIANDO PRESO AO MANGUE;MASCULINO;PARDA;19;DESEMPREGADO;NI;ARMA DE FOGO;agosto;26;sábado;ADULTO;10;MATUTINO
HOMICIDIO;00:27;NORDESTE;AV FELIZARDO MOURA, PROXIMO A FAVELA DO MOSQUITO, PROXIMO AO ANTIGO POSTO POCILA DO CPRE;MASCULINO;PARDA;21;DESEMPREGADO;NI;ARMA DE FOGO;agosto;19;sábado;ADULTO;0;NOTURNO
HOMICIDIO;11:30;NORDESTE;RUA JANDIRA EM FRENTE AO Nº 658;MASCULINO;PARDA;19;ASG;NI;ARMA DE FOGO;janeiro;13;sexta-feira;ADULTO;12;MATUTINO
HOMICIDIO;23:51;NORDESTE;RUA ARARAI EM UM TERRENO BALDIO EM FRENTE A E.E. IMPERIAL MARINHEIRO;MASCULINO;PARDA;26;NI;NI;ARMA DE FOGO;setembro;10;domingo;ADULTO;24;NOTURNO
HOMICIDIO;17:00;NORDESTE;AREA DE MANGUE, COMUNIDADE DO MOSQUITO;MASCULINO;PARDA;15;DESEMPREGADO;NI;ARMA DE FOGO;agosto;31;quinta-feira;ADOLESCENTE;17;VESPERTINO
HOMICIDIO;17:00;NORDESTE;AREA DE MANGUE, COMUNIDADE DO MOSQUITO;MASCULINO;PARDA;17;DESEMPREGADO;NI;ARMA DE FOGO;agosto;31;quinta-feira;ADOLESCENTE;17;VESPERTINO
LESAO CORPORAL SEGUIDA DE MORTE;05:30;NORDESTE;COMUNIDADE DO MOSQUITO;MASCULINO;PARDA;25;ESTUDANTE;NI;ARMA DE FOGO;agosto;13;domingo;ADULTO;6;MADRUGADA
LATROCINIO;19:35;NOSSA SENHORA DE NAZARÉ;RUA LEOPOLDO BETRANO;MASCULINO;PARDA;45;MOTORISTA UBER;NI;ARMA BRANCA;abril;2;domingo;ADULTO;20;NOTURNO
LESAO CORPORAL SEGUIDA DE MORTE;00:09;NOSSA SENHORA DE NAZARÉ;AV ANTONIO BASILIO, EM FRENTE A RESIDENCIA DA VITIMAPROXIMO A ESCOLA PROFESSOR LUIZ SOARES;MASCULINO;PARDA;20;ESTUDANTE;NI;ARMA DE FOGO;junho;5;segunda-feira;ADULTO;0;NOTURNO
LESAO CORPORAL SEGUIDA DE MORTE;22:20;NOSSA SENHORA DE NAZARÉ;RUA HIDROGRAFICO VITAL OLIVEIRA (AO LADO DA RODOVIARIA NOVA);FEMININO;BRANCA;15;ESTUDANTE;NI;ARMA BRANCA;fevereiro;18;sábado;ADOLESCENTE;22;NOTURNO
HOMICIDIO;23:18;NOSSA SENHORA DE NAZARÉ;RUA CIRILO MOREIRA;MASCULINO;PARDA;50;FEIRANTE;NI;ARMA DE FOGO;fevereiro;18;sábado;ADULTO;23;NOTURNO
LATROCINIO;06:23;NOSSA SENHORA DE NAZARÉ;AV INTEVENTOR MARIO CAMARA, EM FRENTE A LIGA CONTRA O CANCER.;MASCULINO;PARDA;37;POLICIAL MILITAR;NI;ARMA DE FOGO;junho;5;segunda-feira;ADULTO;6;MADRUGADA
HOMICIDIO;13:38;NOSSA SENHORA DE NAZARÉ;AV CEL ESTEVAM - EM FRENTE AO ESTABELECIMENTO FRIGOIAS, NO INTERIOR DA SUCATA DO VAL;MASCULINO;PARDA;20;DESEMPREGADO;NI;ARMA BRANCA;novembro;8;quarta-feira;ADULTO;14;VESPERTINO
HOMICIDIO;10:28;NOSSA SRA DA APRESENTAÇÃO;RUA MARIA JOSE LIRA, Nº 2291, PROXIMO AO BAR DA SINUCA;MASCULINO;PARDA;39;NI;ENSINO FUNDAMENTAL INCOMPLETO;ARMA BRANCA;outubro;29;domingo;ADULTO;10;MATUTINO
LESAO CORPORAL SEGUIDA DE MORTE;23:00;NOSSA SRA DA APRESENTAÇÃO;RUA SALTO DO CEU;MASCULINO;PARDA;35;SERVENTE DE PEDREIRO;ENSINO FUNDAMENTAL INCOMPLETO;ARMA DE FOGO;outubro;22;domingo;ADULTO;23;NOTURNO
HOMICIDIO;22:38;NOSSA SRA DA APRESENTAÇÃO;RUA ARTESAO DARY MIRANDA, Nº 07;MASCULINO;PARDA;27;ASG;ENSINO FUNDAMENTAL INCOMPLETO;ARMA DE FOGO;outubro;16;segunda-feira;ADULTO;23;NOTURNO
LESAO CORPORAL SEGUIDA DE MORTE;23:05;NOSSA SRA DA APRESENTAÇÃO;AV INDUSTRIAL Nº 42;MASCULINO;PARDA;23;DESEMPREGADO;ENSINO FUNDAMENTAL INCOMPLETO;ARMA DE FOGO;novembro;10;sexta-feira;ADULTO;23;NOTURNO
HOMICIDIO;09:29;NOSSA SRA DA APRESENTAÇÃO;RUA GERMINO BENIGNO, Nº 16 PROXIMO A IGREJA SANTA CLARA, PROXIMO AO SUPERMERCADO FAVORITO;MASCULINO;PARDA;17;DESEMPREGADO;ENSINO FUNDAMENTAL INCOMPLETO;ARMA DE FOGO;dezembro;5;terça-feira;ADOLESCENTE;9;MATUTINO
HOMICIDIO;11:36;NOSSA SRA DA APRESENTAÇÃO;RUA SEBASTIAO ROSA;MASCULINO;PARDA;20;DESEMPREGADO;ENSINO MEDIO COMPLETO;ARMA DE FOGO;setembro;14;quinta-feira;ADULTO;12;MATUTINO
HOMICIDIO;03:08;NOSSA SRA DA APRESENTAÇÃO;RUA SAMAPIO CORREIA, Nº 1449;FEMININO;PARDA;19;MANICURE;ENSINO MEDIO COMPLETO;ARMA DE FOGO;setembro;3;domingo;ADULTO;3;MADRUGADA
HOMICIDIO;18:44;NOSSA SRA DA APRESENTAÇÃO;RUA POETA ISRAEL BATELHO Nº 753;MASCULINO;PARDA;33;DESEMPREGADO;NI;ARMA DE FOGO;junho;25;domingo;ADULTO;19;NOTURNO
LATROCINIO;01:25;NOSSA SRA DA APRESENTAÇÃO;RUA PROFESSORA MARIA DO CARMO NAVARRO COM A RUA JARDIM TROPICAL, NO BAR DO ROBERTO, PROXIMO A ESCOLA O MESTRE;MASCULINO;PARDA;56;COMERCIANTE;NI;ARMA BRANCA;outubro;25;quarta-feira;ADULTO;1;NOTURNO
LATROCINIO;21:42;NOSSA SRA DA APRESENTAÇÃO;RUA ARTESAO DARY MIRANDA, Nº 1062;MASCULINO;PARDA;44;MUSICO;NI;ARMA DE FOGO;maio;25;quinta-feira;ADULTO;22;NOTURNO
HOMICIDIO;16:50;NOSSA SRA DA APRESENTAÇÃO;RUA MANOEL FRANCISCO DE ALBUQUERQUE EM FRENTE AO Nº 1246. PROXIMO A ESCOLA VALDSON PINHEIRO;MASCULINO;PARDA;21;NI;NI;ARMA DE FOGO;maio;16;terça-feira;ADULTO;17;VESPERTINO
HOMICIDIO;09:40;NOSSA SRA DA APRESENTAÇÃO;AV MARANGUAPE, Nº 1742, PROXIMO AO MATERIAL DE CONSTRUCAO 2001;MASCULINO;PARDA;41;DESEMPREGADO;NI;ARMA BRANCA;agosto;9;quarta-feira;ADULTO;10;MATUTINO
LESAO CORPORAL SEGUIDA DE MORTE;09:45;NOSSA SRA DA APRESENTAÇÃO;RUA SANTA ANA - PROXIMO A ESTAÇÃO DE TREM NORDELANDIA;MASCULINO;PARDA;16;FLANELINHA;NI;ARMA DE FOGO;setembro;25;segunda-feira;ADOLESCENTE;10;MATUTINO
HOMICIDIO;03:20;NOSSA SRA DA APRESENTAÇÃO;RUA RIZOMAR CORREIA DOS SANTOS, Nº 712, PROXIMO AO CANIL;MASCULINO;PARDA;22;NI;NI;ARMA DE FOGO;setembro;7;quinta-feira;ADULTO;3;MADRUGADA
HOMICIDIO;03:20;NOSSA SRA DA APRESENTAÇÃO;RUA RIZOMAR CORREIA DOS SANTOS, Nº 712, PROXIMO AO CANIL;MASCULINO;PARDA;22;NI;NI;ARMA DE FOGO;setembro;7;quinta-feira;ADULTO;3;MADRUGADA
FEMINICIDIO;15:10;NOSSA SRA DA APRESENTAÇÃO;TV DOS BUGRES, PROXIMO AO TERMINAL DE ONIBUS DA LINHA 07, PROXIMO A IGREJA EVANGELICA;FEMININO;PARDA;45;NI;NI;ARMA DE FOGO;maio;17;quarta-feira;ADULTO;15;VESPERTINO
HOMICIDIO;03:20;NOSSA SRA DA APRESENTAÇÃO;RUA RIZOMAR CORREIA DOS SANTOS, Nº 712, PROXIMO AO CANIL;MASCULINO;PARDA;17;NI;NI;ARMA DE FOGO;setembro;7;quinta-feira;ADOLESCENTE;3;MADRUGADA
HOMICIDIO;18:05;NOSSA SRA DA APRESENTAÇÃO;RUA MONTE DAS OLIVEIRAS;MASCULINO;PARDA;20;NI;NI;ARMA DE FOGO;julho;2;domingo;ADULTO;18;VESPERTINO
LESAO CORPORAL SEGUIDA DE MORTE;16:20;NOSSA SRA DA APRESENTAÇÃO;EM UMA BAR SITUADO NA RUA ANTONIA DE MORAIS;MASCULINO;PARDA;29;PEDREIRO;NI;ARMA DE FOGO;maio;7;domingo;ADULTO;16;VESPERTINO
HOMICIDIO;16:20;NOSSA SRA DA APRESENTAÇÃO;RUA ABMAEL FLORENCIO BERNARDO - PROXIMO A ESTACAO DE TREM DE NOVA NATAL;MASCULINO;PARDA;17;AUTONOMO;NI;ARMA DE FOGO;janeiro;31;terça-feira;ADOLESCENTE;16;VESPERTINO
HOMICIDIO;16:20;NOSSA SRA DA APRESENTAÇÃO;RUA ABMAEL FLORENCIO BERNARDO - PROXIMO A ESTACAO DE TREM DE NOVA NATAL;MASCULINO;PARDA;20;DESEMPREGADO;NI;ARMA DE FOGO;janeiro;31;terça-feira;ADULTO;16;VESPERTINO
HOMICIDIO;11:00;NOSSA SRA DA APRESENTAÇÃO;TV. NOSSA SENHORA DA CONCEIÇÃO, AO LADO DA CASA Nº 03;MASCULINO;PARDA;54;NI;NI;ARMA BRANCA;abril;7;sexta-feira;ADULTO;11;MATUTINO
HOMICIDIO;07:40;NOSSA SRA DA APRESENTAÇÃO;RUA TEREZA ALVES FERNANDES;MASCULINO;PARDA;54;NI;NI;ARMA DE FOGO;junho;8;quinta-feira;ADULTO;8;MATUTINO
LESAO CORPORAL SEGUIDA DE MORTE;09:20;NOSSA SRA DA APRESENTAÇÃO;RUA ABIMAEL FLORENCIO FERNANDES, Nº 900, CRUZAMENTO COM A RUA MONTE SINAI, NO BAR DO ALIANCA;MASCULINO;PARDA;20;NI;NI;ARMA DE FOGO;junho;3;sábado;ADULTO;9;MATUTINO
HOMICIDIO;13:54;NOSSA SRA DA APRESENTAÇÃO;RUA MARCOS DA CUNHA FREITAS, DEFRONTE A CASA 420 (PROXIMO AO TERMINAL DAS LINHAS DE COLETIVO 07/68/27;MASCULINO;PARDA;17;ESTUDANTE;NI;ARMA DE FOGO;março;19;domingo;ADOLESCENTE;14;VESPERTINO
HOMICIDIO;19:25;NOSSA SRA DA APRESENTAÇÃO;RUA FRANCISCO APRIGIO, Nº 125, PROXIMO AO SUPERMERCADO FAVORITO, PROXIMO A AV SANTAREM;MASCULINO;PARDA;29;DESEMPREGADO;NI;ARMA DE FOGO;dezembro;19;terça-feira;ADULTO;19;NOTURNO
HOMICIDIO;23:50;NOSSA SRA DA APRESENTAÇÃO;RUA SANTA JULIANA Nº 49, POR TRAS DA GUARARAPES, PROXIMO AO MERCADINHO BOM JESUS;MASCULINO;PARDA;40;PEDREIRO;NI;ARMA DE FOGO;dezembro;16;sábado;ADULTO;24;NOTURNO
HOMICIDIO;23:00;NOSSA SRA DA APRESENTAÇÃO;RUA SAO SEVERINO DOS RAMOS, PROXIMO A IGREJA MISSAO EVANGELICA, PROXIMO A ESCOLA ARCA DE NOE;MASCULINO;PARDA;18;DESEMPREGADO;NI;ARMA DE FOGO;dezembro;11;segunda-feira;ADULTO;23;NOTURNO
LESAO CORPORAL SEGUIDA DE MORTE;10:40;NOSSA SRA DA APRESENTAÇÃO;RUA JOAO FERREIRA DA SILVA, PROXIMO AO DEPOSITO DE CONSTRUCAO SALVADOR, NA RUA DA TORRE;MASCULINO;PARDA;24;NI;NI;ARMA DE FOGO;maio;15;segunda-feira;ADULTO;11;MATUTINO
HOMICIDIO;23:05;NOSSA SRA DA APRESENTAÇÃO;TV SAMPAIO CORREIA N º 203;MASCULINO;PARDA;33;AUXILIAR DE COZINHA;NI;ARMA DE FOGO;janeiro;6;sexta-feira;ADULTO;23;NOTURNO
LESAO CORPORAL SEGUIDA DE MORTE;22:29;NOSSA SRA DA APRESENTAÇÃO;AVENIDA SAMPAIO CORREIA, PROXIMO A TORRE DE TELEFONIA DA OI, PROXIMO AO MERCADINHO BRAZ;MASCULINO;PARDA;26;AUTONOMO;NI;ARMA DE FOGO;agosto;27;domingo;ADULTO;22;NOTURNO
LESAO CORPORAL SEGUIDA DE MORTE;09:25;NOSSA SRA DA APRESENTAÇÃO;RUA ANTONIO DE MORAES, PROXIMO A IGREJA DE DEUS NO BRASIL;MASCULINO;PARDA;20;NI;NI;ARMA DE FOGO;novembro;26;domingo;ADULTO;9;MATUTINO
HOMICIDIO;09:30;NOSSA SRA DA APRESENTAÇÃO;RUA DOS EUCALIPTOS, EM FRENTE AO Nº 21-A - PROX AO SUPERMERCADO FAVORITO;MASCULINO;PARDA;24;GARÇON;NI;ARMA DE FOGO;fevereiro;11;sábado;ADULTO;10;MATUTINO
LESAO CORPORAL SEGUIDA DE MORTE;09:54;NOSSA SRA DA APRESENTAÇÃO;ENCONTRADO EM UM TERRENO BALDIO NA RUA SANTANA;MASCULINO;BRANCA;16;DESEMPREGADO;NI;ARMA BRANCA;abril;23;domingo;ADOLESCENTE;10;MATUTINO
HOMICIDIO;17:30;NOSSA SRA DA APRESENTAÇÃO;AV BOA SORTE EM FRENTE AO Nº 2484;MASCULINO;PARDA;24;SERVENTE DE PEDREIRO;NI;ARMA DE FOGO;dezembro;1;sexta-feira;ADULTO;18;VESPERTINO
HOMICIDIO;21:50;NOSSA SRA DA APRESENTAÇÃO;RUA ANTONIO DANTAS, PROXIMO A IGREJA CRISTO VIVO, PROXIMO AO TERMINAL DE ONIBUS DA LINHA 68 E 07;MASCULINO;PARDA;32;MOTORISTA;NI;ARMA DE FOGO;abril;29;sábado;ADULTO;22;NOTURNO
HOMICIDIO;10:30;NOSSA SRA DA APRESENTAÇÃO;"RUA DOS PORTUGUESES EM FRENTE A ""M SUCATA""";MASCULINO;PARDA;26;NI;NI;ARMA DE FOGO;janeiro;18;quarta-feira;ADULTO;11;MATUTINO
HOMICIDIO;00:30;NOSSA SRA DA APRESENTAÇÃO;ENCONTRADO AO LADO DA LAGOA CAPITACAO - PROXIMO A TV TRES MARIAS;MASCULINO;PARDA;18;ESTUDANTE;NI;ARMA DE FOGO;janeiro;6;sexta-feira;ADULTO;1;NOTURNO
HOMICIDIO;00:05;NOSSA SRA DA APRESENTAÇÃO;TV ANTONIO SANTANA COM A RUA SANTA ANA;FEMININO;PARDA;20;DESEMPREGADO;NI;ARMA DE FOGO;dezembro;1;sexta-feira;ADULTO;0;NOTURNO
HOMICIDIO;18:20;NOSSA SRA DA APRESENTAÇÃO;RUA VALE DO SOL, EM FRENTE AO SUPERMERCADO SUPER SHOW;MASCULINO;PARDA;26;DESEMPREGADO;NI;ARMA DE FOGO;abril;28;sexta-feira;ADULTO;18;VESPERTINO
HOMICIDIO;16:30;NOSSA SRA DA APRESENTAÇÃO;RUA JOAQUIM MURTINHO, S/N;MASCULINO;PARDA;17;DESEMPREGADO;NI;ARMA DE FOGO;julho;26;quarta-feira;ADOLESCENTE;17;VESPERTINO
HOMICIDIO;15:30;NOSSA SRA DA APRESENTAÇÃO;RUA JOAO ESTEVAM;MASCULINO;PARDA;18;SERVENTE DE PEDREIRO;NI;ARMA DE FOGO;fevereiro;25;sábado;ADULTO;16;VESPERTINO
HOMICIDIO;15:30;NOSSA SRA DA APRESENTAÇÃO;RUA SAMPAIO CORREIA;MASCULINO;PARDA;30;AMBULANTE;NI;ARMA DE FOGO;fevereiro;25;sábado;ADULTO;16;VESPERTINO
HOMICIDIO;15:20;NOSSA SRA DA APRESENTAÇÃO;RUA ROLDAO AUGUSTO BOTELHO, Nº 117, PROXIMO AO BAR VISUAL, PROXIMO A OFICINA DO BAJOCA;MASCULINO;PARDA;17;NI;NI;ARMA DE FOGO;dezembro;28;quinta-feira;ADOLESCENTE;15;VESPERTINO
HOMICIDIO;21:30;NOSSA SRA DA APRESENTAÇÃO;RUA DA LIBERDADE, EM FRENTE A RESIDENCIA, Nº 330-B;MASCULINO;PARDA;40;DESEMPREGADO;NI;ARMA DE FOGO;março;22;quarta-feira;ADULTO;22;NOTURNO
HOMICIDIO;23:30;NOSSA SRA DA APRESENTAÇÃO;RUA MIGUEL DE CERVANTES, PROXIMO AO COLEGIO FRAZAO;FEMININO;PARDA;18;DESEMPREGADO;NI;ARMA DE FOGO;agosto;22;terça-feira;ADULTO;24;NOTURNO
LESAO CORPORAL SEGUIDA DE MORTE;15:33;NOSSA SRA DA APRESENTAÇÃO;TV. SAO VITOR;MASCULINO;PARDA;26;DESEMPREGADO;NI;ARMA DE FOGO;janeiro;26;quinta-feira;ADULTO;16;VESPERTINO
HOMICIDIO;22:21;NOSSA SRA DA APRESENTAÇÃO;TV. BORGONHA, Nº 03 VILA BORGONHA - RUA TUPITINGA, PROXIMO A ESCOLA SONHO ENCANTADO;MASCULINO;PARDA;26;NI;NI;ARMA DE FOGO;abril;10;segunda-feira;ADULTO;22;NOTURNO
HOMICIDIO;21:47;NOSSA SRA DA APRESENTAÇÃO;3ª TV. NOSSA SENHORA DA APESENTACAO (VIZINHO A CASA 25);MASCULINO;PARDA;27;AUTONOMO;NI;ARMA DE FOGO;março;27;segunda-feira;ADULTO;22;NOTURNO
HOMICIDIO;09:00;NOSSA SRA DA APRESENTAÇÃO;RUA IRMA VITORIA EM FRENTE A CANTINA DO CLOVIS, PROXIMO AO POSTO DE SAUDE DO COPOM, PROXIMO A GALETERIA SANTO ANTONIO, PROXIMO A LOJA SANTA MARIA;MASCULINO;PARDA;30;SERVENTE DE PEDREIRO;NI;ARMA DE FOGO;agosto;4;sexta-feira;ADULTO;9;MATUTINO
HOMICIDIO;09:00;NOSSA SRA DA APRESENTAÇÃO;RUA UMARIZAL;MASCULINO;PARDA;39;DESEMPREGADO;NI;ARMA DE FOGO;outubro;9;segunda-feira;ADULTO;9;MATUTINO
HOMICIDIO;19:54;NOSSA SRA DA APRESENTAÇÃO;RUA HORACIO ROSA, PROXIMO A PEIXARIA FISH;MASCULINO;PARDA;15;ESTUDANTE;NI;ARMA DE FOGO;julho;23;domingo;ADOLESCENTE;20;NOTURNO
HOMICIDIO;12:00;NOSSA SRA DA APRESENTAÇÃO;TV DOS EUCALIPTOS COM JOAO PAULO SEGUNDO;MASCULINO;PARDA;19;DESEMPREGADO;NI;ARMA DE FOGO;março;13;segunda-feira;ADULTO;12;MATUTINO
LESAO CORPORAL SEGUIDA DE MORTE;18:30;NOSSA SRA DA APRESENTAÇÃO;RUA REVERENDO ELIEL SPINOLA, TERMINAL DE ONIBUS DO CONJ PARQUE DOS COQUEIROS, PROXIMO A IGREJA PRESBITERIANA;MASCULINO;PARDA;28;DESEMPREGADO;NI;ARMA DE FOGO;outubro;17;terça-feira;ADULTO;19;NOTURNO
LESAO CORPORAL SEGUIDA DE MORTE;20:15;NOSSA SRA DA APRESENTAÇÃO;RUA RIZOMAR CORREIA DOS SANTOS;MASCULINO;PARDA;15;ESTUDANTE;NI;ARMA DE FOGO;fevereiro;26;domingo;ADOLESCENTE;20;NOTURNO
HOMICIDIO;12:13;NOSSA SRA DA APRESENTAÇÃO;RUA JOANA FERNANDES, Nº 640, PROXIMO AO MERCADINHO LUANA E A CANTINA PADRE CICERO;MASCULINO;PARDA;66;APOSENTADO;NI;ASFIXIA MECANICA PROVOCADA;maio;6;sábado;IDOSO;12;MATUTINO
HOMICIDIO;20:35;NOSSA SRA DA APRESENTAÇÃO;RUA PONTE NOVA, EM FRENTE A CASA Nº 241, PROXIMO A IGREJA BATISTA, PROXIMO AO PESCADO FISH;MASCULINO;PARDA;34;DESEMPREGADO;NI;ARMA DE FOGO;novembro;9;quinta-feira;ADULTO;21;NOTURNO
LESAO CORPORAL SEGUIDA DE MORTE;20:49;NOSSA SRA DA APRESENTAÇÃO;AV MARANGUAPE, PROXIMO A RUA INDUSTRIAL, PROXIMO AO CAMPO BOLA 7;MASCULINO;PARDA;21;DESEMPREGADO;NI;ARMA DE FOGO;novembro;3;sexta-feira;ADULTO;21;NOTURNO
HOMICIDIO;00:00;NOSSA SRA DA APRESENTAÇÃO;AV INDUSTRIAL Nº 1234;FEMININO;PARDA;25;COMERCIARIO;NI;ARMA DE FOGO;outubro;1;domingo;ADULTO;0;NOTURNO
HOMICIDIO;00:00;NOSSA SRA DA APRESENTAÇÃO;AV INDUSTRIAL Nº 1234;MASCULINO;PARDA;24;COMERCIARIO;NI;ARMA DE FOGO;outubro;1;domingo;ADULTO;0;NOTURNO
LESAO CORPORAL SEGUIDA DE MORTE;00:00;NOSSA SRA DA APRESENTAÇÃO;AV INDUSTRIAL, Nº 63;MASCULINO;PARDA;24;NI;NI;ARMA DE FOGO;novembro;11;sábado;ADULTO;0;NOTURNO
HOMICIDIO;17:00;NOSSA SRA DA APRESENTAÇÃO;RUA DEZUITE ROSADO, Nº 431 PROXIMO AO BAR DA HORA E AO ESTABELECIMENTO COMERCIAL CICLO PECAS SAO PAULO NA RUA DA IGREJA CRISTO VIVO.;MASCULINO;PARDA;32;MECANICO;NI;ARMA DE FOGO;maio;18;quinta-feira;ADULTO;17;VESPERTINO
HOMICIDIO;17:00;NOSSA SRA DA APRESENTAÇÃO;RUA JOANA ELISA FERNANDES - PROXIMO A IGREJA MADUREIRA;MASCULINO;PARDA;25;SERVENTE DE PEDREIRO;NI;ARMA DE FOGO;janeiro;31;terça-feira;ADULTO;17;VESPERTINO
HOMICIDIO;04:00;NOSSA SRA DA APRESENTAÇÃO;RUA ANTONIA SANTANA, Nº 1979, PROXIMO AO CAMPO DO PNEU (ESTRADA CARROCAVEL);MASCULINO;PARDA;36;ELETRICISTA;NI;ARMA DE FOGO;abril;5;quarta-feira;ADULTO;4;MADRUGADA
HOMICIDIO;04:00;NOSSA SRA DA APRESENTAÇÃO;RUA ANTONIA SANTANA, Nº 1979, PROXIMO AO CAMPO DO PNEU (ESTRADA CARROCAVEL);FEMININO;PARDA;14;ESTUDANTE;NI;ARMA DE FOGO;abril;4;terça-feira;ADOLESCENTE;4;MADRUGADA
HOMICIDIO;20:00;NOSSA SRA DA APRESENTAÇÃO;AV INDUSTRIAL Nº 18;MASCULINO;PARDA;30;AUTONOMO;NI;ARMA DE FOGO;outubro;8;domingo;ADULTO;20;NOTURNO
HOMICIDIO;04:00;NOSSA SRA DA APRESENTAÇÃO;RUA GERALDO DE MORAIS, Nº 56, PROXIMO A IGREJA CRISTO VIVO E O DEPOSITO SAO JOAO;MASCULINO;PARDA;30;GESSEIRO;NI;ARMA DE FOGO;julho;26;quarta-feira;ADULTO;4;MADRUGADA
LESAO CORPORAL SEGUIDA DE MORTE;20:00;NOSSA SRA DA APRESENTAÇÃO;RUA DIONIZIO LOPES COM RUA ANANIAS XAVIER DE SOUZA, PROXIMO AO MERCADINHO OITO DE DEZEMBRO E A LOJA CLAUDI MOVEIS;MASCULINO;PARDA;23;ASG;NI;ARMA DE FOGO;maio;11;quinta-feira;ADULTO;20;NOTURNO
HOMICIDIO;20:00;NOSSA SRA DA APRESENTAÇÃO;RUA SAO GERALDO;MASCULINO;PARDA;21;NI;NI;ARMA DE FOGO;fevereiro;9;quinta-feira;ADULTO;20;NOTURNO
HOMICIDIO;02:30;NOSSA SRA DA APRESENTAÇÃO;TV ADRIANO XAVIER, EM FRENTE AO Nº 303 - CRUZ COM A RUA SANTAREM, PROX AO BRASIL GAS E AO BAR DO CABRITO;MASCULINO;PARDA;23;AJUDANTE DE PEDREIRO;NI;ARMA DE FOGO;fevereiro;26;domingo;ADULTO;3;MADRUGADA
HOMICIDIO;21:00;NOSSA SRA DA APRESENTAÇÃO;BR 101 PROXIMO AO REI DAS PEDRAS;MASCULINO;PARDA;37;DESEMPREGADO;NI;ARMA DE FOGO;agosto;6;domingo;ADULTO;21;NOTURNO
LESAO CORPORAL SEGUIDA DE MORTE;21:00;NOSSA SRA DA APRESENTAÇÃO;RUA FREI DAMIAO - PROXIMO A IGREJA CATOLICA;MASCULINO;PARDA;42;MARCENEIRO;NI;ARMA DE FOGO;dezembro;19;terça-feira;ADULTO;21;NOTURNO
HOMICIDIO;14:00;NOSSA SRA DA APRESENTAÇÃO;TV CASTELO BRANCO;MASCULINO;PARDA;21;DESEMPREGADO;NI;ARMA DE FOGO;agosto;31;quinta-feira;ADULTO;14;VESPERTINO
LESAO CORPORAL SEGUIDA DE MORTE;14:45;NOSSA SRA DA APRESENTAÇÃO;FEIRA LIVRE DO CONJ PARQUE DOS COQUEIROS;MASCULINO;PARDA;24;PADEIRO;NI;ARMA DE FOGO;janeiro;6;sexta-feira;ADULTO;15;VESPERTINO
HOMICIDIO;03:08;NOSSA SRA DA APRESENTAÇÃO;RUA PORTO CARREIRO;MASCULINO;PARDA;42;NI;NI;PEDRADA;setembro;3;domingo;ADULTO;3;MADRUGADA
HOMICIDIO;17:44;NOSSA SRA DA APRESENTAÇÃO;AV BOA SORTE;MASCULINO;PARDA;16;ESTUDANTE;NI;ARMA DE FOGO;setembro;25;segunda-feira;ADOLESCENTE;18;VESPERTINO
HOMICIDIO;16:27;NOSSA SRA DA APRESENTAÇÃO;RUA COMANDANTE BALDUINO, DEFRONTE A CASA 217, PROXIMO AO TERMINAL DE ONIBUS DA LINHA 07;MASCULINO;PARDA;19;NI;NI;ARMA DE FOGO;julho;20;quinta-feira;ADULTO;16;VESPERTINO
HOMICIDIO;18:00;NOSSA SRA DA APRESENTAÇÃO;RUA SAO JOSE, EM FRENTE AO Nº 321, PROXIMO AO TERMINAL DA LINHA 05, PROXIMO A PADARIA DO BOCA, POR TRAS DA FABRICA GUARARAPES;MASCULINO;PARDA;17;DESEMPREGADO;NI;ARMA DE FOGO;setembro;9;sábado;ADOLESCENTE;18;VESPERTINO
HOMICIDIO;02:00;NOSSA SRA DA APRESENTAÇÃO;RUA COUTO MAGALHAES, DEFRONTE AO Nº 54-B PROXIMO A OFICINA DE CHICO BRANCO;MASCULINO;PARDA;31;PEDREIRO;NI;ESPANCAMENTO;julho;21;sexta-feira;ADULTO;2;MADRUGADA
HOMICIDIO;06:00;NOSSA SRA DA APRESENTAÇÃO;RUA RIZOMAR CORREIA DOS SANTOS, PROXIMO AO COLEGIO FRAZAO;MASCULINO;PARDA;35;VENDEDOR;NI;ARMA DE FOGO;maio;28;domingo;ADULTO;6;MADRUGADA
HOMICIDIO;19:00;NOSSA SRA DA APRESENTAÇÃO;RUA CAMINHO NOVO, Nº 49, EM FRENTE A RESIDENCIA, PORV TRAS DO POSTOV POLICIAL DESATIVADO, PROXIMO AO TERMINAL DE ONIBUS DA LINAH 07;MASCULINO;PARDA;16;DESEMPREGADO;NI;ARMA DE FOGO;julho;27;quinta-feira;ADOLESCENTE;19;NOTURNO
HOMICIDIO;19:00;NOSSA SRA DA APRESENTAÇÃO;RUA COUTO MAGALHAES, EM FRENTE AO Nº 04;MASCULINO;PARDA;17;NI;NI;ARMA DE FOGO;abril;7;sexta-feira;ADOLESCENTE;19;NOTURNO
LESAO CORPORAL SEGUIDA DE MORTE;10:00;NOVA DESCOBERTA;RUA PADRE RAIMUNDO BRASIL (MINIBOX);FEMININO;PARDA;22;DESEMPREGADO;NI;ARMA DE FOGO;abril;5;quarta-feira;ADULTO;10;MATUTINO
HOMICIDIO;06:15;PAJUÇARA;AV MOEMA TINOCO, EM UMA RUA DEFORNTE A IGREJA UNIVERSAL, POR TRAS DE UM MORRO;MASCULINO;PARDA;20;DESEMPREGADO;ENSINO FUNDAMENTAL INCOMPLETO;ARMA DE FOGO;novembro;24;sexta-feira;ADULTO;6;MADRUGADA
HOMICIDIO;13:30;PAJUÇARA;RUA DA FLORESTA Nº 109, NAS PROXIMIDADES DA LAGOA DE CAPTAÇÃO;MASCULINO;PARDA;24;NI;ENSINO FUNDAMENTAL INCOMPLETO;ARMA DE FOGO;novembro;26;domingo;ADULTO;14;VESPERTINO
HOMICIDIO;21:39;PAJUÇARA;AV DOS IMIGRANTES, PROXIMO A NANDO GAS. PROXIMO A CONVENIENCIA DO NALDINHO, PROXIMO AO SUPERMEMRCADO AMIGAO, PROXIMO A PANIFICADORA SANTA CECILIA;MASCULINO;PARDA;28;DESEMPREGADO;ENSINO FUNDAMENTAL INCOMPLETO;ARMA DE FOGO;novembro;12;domingo;ADULTO;22;NOTURNO
HOMICIDIO;16:50;PAJUÇARA;TV SAO FRANCISCO - EM FRENTE AO Nº 31 A;MASCULINO;PARDA;23;DESEMPREGADO;NI;ARMA DE FOGO;junho;10;sábado;ADULTO;17;VESPERTINO
HOMICIDIO;07:30;PAJUÇARA;RUA UBARANA, Nº 83;MASCULINO;PARDA;26;SERVENTE DE PEDREIRO;NI;ARMA BRANCA;abril;8;sábado;ADULTO;8;MATUTINO
HOMICIDIO;21:08;PAJUÇARA;RUA PASTOR JOAO PEDRO;MASCULINO;PARDA;27;DESEMPREGADO;NI;ARMA DE FOGO;setembro;19;terça-feira;ADULTO;21;NOTURNO
HOMICIDIO;15:10;PAJUÇARA;RUA TROVADOR GUMERCINDO SARAIVA;MASCULINO;PARDA;25;NI;NI;ARMA DE FOGO;julho;5;quarta-feira;ADULTO;15;VESPERTINO
HOMICIDIO;19:11;PAJUÇARA;RUA DR. CARNEIRO RIBEIRO, PROXIMO A 6ª DP, PROXIMO A LAGOA DE CAPTACAO;MASCULINO;PARDA;25;NI;NI;ARMA DE FOGO;maio;10;quarta-feira;ADULTO;19;NOTURNO
LESAO CORPORAL SEGUIDA DE MORTE;16:20;PAJUÇARA;AV MAR DO NORTE, TERMINAL DE ONIBUS DO PARQUE DAS DUNAS;MASCULINO;PARDA;25;ESTUDANTE;NI;ARMA DE FOGO;março;22;quarta-feira;ADULTO;16;VESPERTINO
HOMICIDIO;22:15;PAJUÇARA;RUA PADRE VILELA;MASCULINO;PARDA;25;NI;NI;ARMA DE FOGO;julho;26;quarta-feira;ADULTO;22;NOTURNO
HOMICIDIO;14:30;PAJUÇARA;RUA 17 DE MARÇO, Nº 95 B;MASCULINO;PARDA;23;NI;NI;ARMA DE FOGO;janeiro;12;quinta-feira;ADULTO;15;VESPERTINO
HOMICIDIO;00:10;PAJUÇARA;RUA SAO JOAO, Nº 15;MASCULINO;PARDA;19;DESEMPREGADO;NI;ARMA DE FOGO;fevereiro;1;quarta-feira;ADULTO;0;NOTURNO
LESAO CORPORAL SEGUIDA DE MORTE;23:56;PAJUÇARA;RUA FLOR DO PARAISO (INICIO DA RUA), Nº 130;MASCULINO;PARDA;21;ENTREGADOR DE AGUA;NI;ARMA DE FOGO;dezembro;9;sábado;ADULTO;24;NOTURNO
HOMICIDIO;23:00;PAJUÇARA;RUA DUNAS II, Nº 24;FEMININO;BRANCA;33;DO LAR;NI;ARMA DE FOGO;fevereiro;11;sábado;ADULTO;23;NOTURNO
HOMICIDIO;10:00;PAJUÇARA;RUA EXPEDITO GURGEL, PROXIMO A PORTAL IMOBILIARIA, PROXIMO A FAZENDA FRANCA;MASCULINO;PARDA;35;NI;NI;ARMA DE FOGO;agosto;2;quarta-feira;ADULTO;10;MATUTINO
LESAO CORPORAL SEGUIDA DE MORTE;21:15;PAJUÇARA;RUA DUNAS II, Nº 24;MASCULINO;PARDA;34;JARDINEIRO;NI;CARBONIZACAO;fevereiro;13;segunda-feira;ADULTO;21;NOTURNO
HOMICIDIO;10:30;PAJUÇARA;RUA FERNANDO LIMA, Nº 506 PROXIMO A UPA E A IGREJA GTSEMANI, NA RUA DA VERDURA, PROXIMO AO MERCADINHO RENASCER, CRUZAMENTO COM A RUA FERNANDO LIMA;MASCULINO;PARDA;32;SERVENTE DE PEDREIRO;NI;ARMA DE FOGO;maio;18;quinta-feira;ADULTO;11;MATUTINO
HOMICIDIO;00:30;PAJUÇARA;RUA DR. EXPEDITO GURGEL, S/N (NO FINAL DA RUA);MASCULINO;PARDA;21;AJUDANTE DE PEDREIRO;NI;ARMA DE FOGO;março;13;segunda-feira;ADULTO;1;NOTURNO
HOMICIDIO;00:30;PAJUÇARA;RUA DR. EXPEDITO GURGEL, S/N (NO FINAL DA RUA);MASCULINO;PARDA;25;CANTOR;NI;ARMA DE FOGO;março;13;segunda-feira;ADULTO;1;NOTURNO
HOMICIDIO;19:30;PAJUÇARA;ENCONTRADO EM TERRENO BALDIO NA RUA JOSIVALDO GOMES, PROXIMO A LAGOA, PROXIMO AO SUPERMERCADO AMIGAO E AS TORRES;MASCULINO;PARDA;29;AUTONOMO;NI;ARMA DE FOGO;abril;28;sexta-feira;ADULTO;20;NOTURNO
LESAO CORPORAL SEGUIDA DE MORTE;05:50;PAJUÇARA;RUA DR AMARO IENAGA, Nº 43, PROXIMO A SUCATA DO GALEGO, PROXIMO AO SUPERMERCADO BARATAO, ACESSO PELA AV POMPEIA;MASCULINO;PARDA;48;NI;NI;ARMA DE FOGO;dezembro;5;terça-feira;ADULTO;6;MADRUGADA
HOMICIDIO;12:20;PAJUÇARA;RUA AYRTON SENNA, PROXIMO AO DEPOSITO AMARELINHO, PROXIMO AO COLEGIO VERA LUCIA;MASCULINO;PARDA;19;DESEMPREGADO;NI;ARMA DE FOGO;agosto;30;quarta-feira;ADULTO;12;MATUTINO
HOMICIDIO;15:00;PAJUÇARA;AV MAR MEDITERRANEO, EM FRENTE A CASA Nº 292;MASCULINO;PARDA;42;FEIRANTE;NI;ARMA BRANCA;maio;14;domingo;ADULTO;15;VESPERTINO
HOMICIDIO;05:24;PAJUÇARA;RUA FERNANDO LIMA Nº 424 - LOT. SANTA CECILIA;MASCULINO;PARDA;27;EX PRESIDIARIO;NI;ARMA DE FOGO;julho;10;segunda-feira;ADULTO;5;MADRUGADA
HOMICIDIO;16:00;PAJUÇARA;RUA SERTAO JACUMÃ (LATERAL DO ESPAÇO REST) POR TRAS DO SALDAO RABELO (ANTIGA SHOCK SHOW);MASCULINO;PARDA;27;NI;NI;ARMA DE FOGO;agosto;1;terça-feira;ADULTO;16;VESPERTINO
HOMICIDIO;01:00;PAJUÇARA;RUA BELA VISTA, Nº 100, PROXIMO AO FRIGOIAS;MASCULINO;PARDA;24;DESEMPREGADO;NI;ARMA DE FOGO;agosto;6;domingo;ADULTO;1;NOTURNO
HOMICIDIO;20:30;PAJUÇARA;RUA APOLONIO FELIX EM FRENTE AO Nº 152, PROXIMO AO SUPERMERCADO AMIGAO, PROXIMO A MADEREIRA PARANAENSE;MASCULINO;PARDA;49;COMERCIANTE;NI;ARMA DE FOGO;agosto;21;segunda-feira;ADULTO;21;NOTURNO
HOMICIDIO;20:30;PAJUÇARA;RUA PROJETADA PROXIMO A RUA SANTA RITA DE CASSIA, PROXIMO A ESCOLA ZULEIDE FERNANDES;MASCULINO;PARDA;27;DESEMPREGADO;NI;ARMA DE FOGO;setembro;1;sexta-feira;ADULTO;21;NOTURNO
HOMICIDIO;22:01;PAJUÇARA;AV. GOVERNADOR ANTONIO DE MARIA E SOUZA, Nº 1495 (BORRACHARIA 24 HORAS);MASCULINO;PARDA;22;BORRACHEIRO;NI;ARMA DE FOGO;março;7;terça-feira;ADULTO;22;NOTURNO
HOMICIDIO;21:00;PAJUÇARA;AV REMADOR CLODOALDO BAKKER;MASCULINO;PARDA;27;DESEMPREGADO;NI;ARMA DE FOGO;janeiro;19;quinta-feira;ADULTO;21;NOTURNO
HOMICIDIO;01:10;PAJUÇARA;RUA DESPORTISTA JOAO ALFREDO DE OLIVEIRA;MASCULINO;PARDA;24;VENDEDOR;NI;ARMA DE FOGO;março;15;quarta-feira;ADULTO;1;NOTURNO
LESAO CORPORAL SEGUIDA DE MORTE;17:50;PAJUÇARA;RUA AYRTON SENNA, PROXIMO AO DEPOSITO AMARELINHO, PROXIMO AO COLEGIO VERA LUCIA;MASCULINO;PARDA;19;DESEMPREGADO;NI;ARMA DE FOGO;agosto;30;quarta-feira;ADULTO;18;VESPERTINO
HOMICIDIO;02:00;PAJUÇARA;CORPO ENCONTRADO NA RUA VALINHOS - RUA DA 6 DP;MASCULINO;PARDA;20;NI;NI;ARMA DE FOGO;janeiro;28;sábado;ADULTO;2;MADRUGADA
LESAO CORPORAL SEGUIDA DE MORTE;21:40;PAJUÇARA;RUA APOLONIO FELIX EM FRENTE AO Nº 152, PROXIMO AO SUPERMERCADO AMIGAO, PROXIMO A MADEREIRA PARANAENSE;MASCULINO;PARDA;27;AJUDANTE DE SERVIÇOS GERAIS;NI;ARMA DE FOGO;agosto;21;segunda-feira;ADULTO;22;NOTURNO
HOMICIDIO;19:30;PARQUE DAS DUNAS;AV SEN DINARTE MARIZ - VALE DAS CASCATA;FEMININO;BRANCA;16;DESEMPREGADO;NI;ARMA DE FOGO;janeiro;7;sábado;ADOLESCENTE;20;NOTURNO
HOMICIDIO;19:30;PARQUE DAS DUNAS;AV SEN DINARTE MARIZ - VALE DAS CASCATA;MASCULINO;PARDA;20;DESEMPREGADO;NI;ARMA DE FOGO;janeiro;7;sábado;ADULTO;20;NOTURNO
HOMICIDIO;22:50;PETRÓPOLIS;RUA GENERAL GUSTAVO CORDEIRO, EM FRENTE A UM TERRENO BALDIO, PROX AO POSTO BR E AO ANTIGO BAR CABECA DE BODE;MASCULINO;PARDA;22;DESEMPREGADO;NI;ARMA DE FOGO;março;1;quarta-feira;ADULTO;23;NOTURNO
LESAO CORPORAL SEGUIDA DE MORTE;08:25;PITIMBU;RUA MONTE REI COM AV DOS CAIAPOS (ENTRE PLANALTO E CIDADE SATELITE);MASCULINO;PARDA;26;ESTUDANTE;NI;ARMA DE FOGO;julho;5;quarta-feira;ADULTO;8;MATUTINO
HOMICIDIO;10:00;PITIMBU;RUA DOS CAIAPOS EM FRENTE AO POSTO E AO CONDOMINIO VITA, NO INTERIOR DE UM VEICULO;MASCULINO;PARDA;42;AUTONOMO;NI;ARMA DE FOGO;fevereiro;5;domingo;ADULTO;10;MATUTINO
HOMICIDIO;16:30;PITIMBU;CEDUC;MASCULINO;PARDA;17;DESEMPREGADO;NI;ASFIXIA MECANICA PROVOCADA;junho;10;sábado;ADOLESCENTE;17;VESPERTINO
HOMICIDIO;20:10;PITIMBU;RUA SERRA DA RAIZ, PROXIMO AO Nº 8028;MASCULINO;PARDA;33;NI;NI;ARMA DE FOGO;abril;19;quarta-feira;ADULTO;20;NOTURNO
HOMICIDIO;20:10;PITIMBU;RUA SERRA DA RAIZ, PROXIMO AO Nº 8029;MASCULINO;PARDA;25;NI;NI;ARMA DE FOGO;abril;19;quarta-feira;ADULTO;20;NOTURNO
HOMICIDIO;17:00;PITIMBU;RUA SERRA DO PIRACABU - PROX AO ANTIGO FORRO DO AQUINO;MASCULINO;PARDA;21;NI;NI;ARMA DE FOGO;março;19;domingo;ADULTO;17;VESPERTINO
HOMICIDIO;17:00;PITIMBU;RUA SERRA DO PIRACABU - PROX AO ANTIGO FORRO DO AQUINO;MASCULINO;PARDA;17;NI;NI;ARMA DE FOGO;março;19;domingo;ADOLESCENTE;17;VESPERTINO
LATROCINIO;00:00;PLANALTO;RUA ENGENHEIRO JOAO HELIO - CONDOMINIO THISALIAH PROXIMO AO ANTIGO FORNO DO LIXO E A ESTACAO DE TREM DO PITIMBU;MASCULINO;PARDA;46;PROFESSOR;ENSINO SUPERIOR COMPLETO;ARMA BRANCA;dezembro;15;sexta-feira;ADULTO;0;NOTURNO
LATROCINIO;09:48;PLANALTO;RUA AGRESTINA, PROXIMO A ANTIGA DROGARIA NOBRE;MASCULINO;PARDA;47;AUTONOMO;NI;ARMA DE FOGO;outubro;26;quinta-feira;ADULTO;10;MATUTINO
LESAO CORPORAL SEGUIDA DE MORTE;11:20;PLANALTO;AV MONTE REI;MASCULINO;PARDA;47;PINTOR;NI;ARMA DE FOGO;março;26;domingo;ADULTO;11;MATUTINO
LESAO CORPORAL SEGUIDA DE MORTE;08:45;PLANALTO;RUA RAINHA DO MAR, MERCADINHO SANTA CLARA;MASCULINO;PARDA;17;NI;NI;ARMA DE FOGO;maio;7;domingo;ADOLESCENTE;9;MATUTINO
HOMICIDIO;20:50;PLANALTO;RUA INDOMAR EM FRENTE AO Nº 34, PROX A RUA PARACATI, PROXIMO AO MERCADINHO SAO PAULO, PROXIMO AO CONDOMINIO, CRUZAMENTO COM A RUA TAMIRIM, PROXIMO A LINHA FERREA;MASCULINO;PARDA;18;DESEMPREGADO;NI;ARMA DE FOGO;novembro;27;segunda-feira;ADULTO;21;NOTURNO
HOMICIDIO;03:30;PLANALTO;TV JARDIM DO EDEM ESQUINA COM A RUA JARDIM DO EDEM;MASCULINO;PARDA;30;ASG;NI;ARMA DE FOGO;janeiro;22;domingo;ADULTO;4;MADRUGADA
HOMICIDIO;20:13;PLANALTO;RUA DA GLORIA, NO BAR DO SR. ANTONIO;FEMININO;PARDA;30;DO LAR;NI;ARMA DE FOGO;outubro;2;segunda-feira;ADULTO;20;NOTURNO
HOMICIDIO;19:30;PLANALTO;RUA PARACATI COM A RUA MIRAMANGUE (ESPETINHO DO PANKADAO);MASCULINO;PARDA;38;MECANICO;NI;ARMA DE FOGO;março;25;sábado;ADULTO;20;NOTURNO
LESAO CORPORAL SEGUIDA DE MORTE;19:30;PLANALTO;RUA PARACATI COM A RUA MIRAMANGUE (ESPETINHO DO PANKADAO);MASCULINO;PARDA;29;PEDREIRO;NI;ARMA DE FOGO;março;25;sábado;ADULTO;20;NOTURNO
LESAO CORPORAL SEGUIDA DE MORTE;16:34;PLANALTO;RUA RAINHA DO MAR, PROXIMO AO CONDOMINIO TISSALIA;FEMININO;PARDA;26;DESEMPREGADO;NI;ARMA DE FOGO;outubro;10;terça-feira;ADULTO;17;VESPERTINO
HOMICIDIO;11:30;PLANALTO;RUA PARACATI, EM FRENTE A OFICINA HR MECANINCA, Nº 89 , EM FRENTE AO CONDOMINIO ROSA DOS VENTOS.;MASCULINO;PARDA;41;MECANICO;NI;ARMA DE FOGO;maio;16;terça-feira;ADULTO;12;MATUTINO
HOMICIDIO;19:40;PLANALTO;RUA MARANATA, Nº 1409;MASCULINO;PARDA;26;SERVENTE DE PEDREIRO;NI;ARMA DE FOGO;janeiro;16;segunda-feira;ADULTO;20;NOTURNO
HOMICIDIO;21:30;PLANALTO;AV. MIRA MANGUE, EM FRENTE AO Nº 763;MASCULINO;PARDA;28;NI;NI;ARMA DE FOGO;janeiro;21;sábado;ADULTO;22;NOTURNO
HOMICIDIO;17:40;PLANALTO;RUA FRANCISCO CANINDE, PROXIMO AO MERCADINHO DO NALDO;MASCULINO;PARDA;16;ESTUDANTE;NI;ARMA DE FOGO;maio;27;sábado;ADOLESCENTE;18;VESPERTINO
HOMICIDIO;09:00;PLANALTO;RUA MIRAMANGUE COM SAO GREGORIO;MASCULINO;PARDA;15;ESTUDANTE;NI;ARMA DE FOGO;junho;18;domingo;ADOLESCENTE;9;MATUTINO
HOMICIDIO;09:00;PLANALTO;RUA MIRAMANGUE COM SAO GREGORIO;MASCULINO;PARDA;36;SERVENTE DE PEDREIRO;NI;ARMA DE FOGO;junho;18;domingo;ADULTO;9;MATUTINO
HOMICIDIO;16:00;PLANALTO;RUA SAO PATRICK, AREA DE MATA DO BAIRRO PLANALTO PROX A RUA SAO FRANCISCO - REF FAZENDA DE SEU QUEIROZ E A ESCOLA EMANOEL BEZERRA;MASCULINO;PARDA;22;NI;NI;ARMA DE FOGO;fevereiro;23;quinta-feira;ADULTO;16;VESPERTINO
HOMICIDIO;19:03;PLANALTO;RUA MIRAMANGUE (ESTACIONAMENTO DO SUPERMERCADO REDE MAIS);MASCULINO;PARDA;20;AUXILIAR DE PEDREIRO;NI;ARMA DE FOGO;fevereiro;7;terça-feira;ADULTO;19;NOTURNO
HOMICIDIO;01:20;PLANALTO;RUA FRANCISCA CAMPOS, BLOCO 2045 AP 201;MASCULINO;PARDA;21;DESEMPREGADO;NI;ARMA DE FOGO;fevereiro;27;segunda-feira;ADULTO;1;NOTURNO
HOMICIDIO;00:00;PLANALTO;RUA SANTA QUITERIA, EM FRENTE AO Nº 700;MASCULINO;PARDA;15;DESEMPREGADO;NI;ARMA DE FOGO;agosto;14;segunda-feira;ADOLESCENTE;0;NOTURNO
HOMICIDIO;17:00;PLANALTO;RUA DA TORRE COM RUA ENGENHEIRO JOSE DANTAS;MASCULINO;PARDA;49;JARDINEIRO;NI;ARMA DE FOGO;junho;2;sexta-feira;ADULTO;17;VESPERTINO
HOMICIDIO;17:00;PLANALTO;RUA DA TORRE COM RUA ENGENHEIRO JOSE DANTAS;MASCULINO;PARDA;55;JARDINEIRO;NI;ARMA DE FOGO;junho;2;sexta-feira;ADULTO;17;VESPERTINO
HOMICIDIO;20:00;PLANALTO;RUA MIRASSOL EM FRENTE AO Nº 75 B;MASCULINO;PARDA;14;PREJUDICADO;NI;ARMA DE FOGO;janeiro;12;quinta-feira;ADOLESCENTE;20;NOTURNO
HOMICIDIO;21:00;PLANALTO;TV SANTA LIDUINA, Nº 120 - BECO DA FUMACA, ENTRE AS RUAS JARDIM DO EDEM E SANTO ONOFRE;MASCULINO;PARDA;22;AUXILIAR DE PEDREIRO;NI;ARMA DE FOGO;março;3;sexta-feira;ADULTO;21;NOTURNO
HOMICIDIO;21:00;PLANALTO;TV SANTA LIDUINA, Nº 120 - BECO DA FUMACA, ENTRE AS RUAS JARDIM DO EDEM E SANTO ONOFRE;FEMININO;PARDA;22;DO LAR;NI;ARMA DE FOGO;março;3;sexta-feira;ADULTO;21;NOTURNO
LESAO CORPORAL SEGUIDA DE MORTE;21:00;PLANALTO;RUA LUIZ FELIPE;MASCULINO;PARDA;50;NI;NI;ESPANCAMENTO;maio;2;terça-feira;ADULTO;21;NOTURNO
LESAO CORPORAL SEGUIDA DE MORTE;17:45;PLANALTO;RUA MONTE REY, EM FRENTE A LOJA HERIBERTO CELULAR;MASCULINO;PARDA;20;DESEMPREGADO;NI;ARMA DE FOGO;março;16;quinta-feira;ADULTO;18;VESPERTINO
HOMICIDIO;14:37;PONTA NEGRA;RUA JOAO RODRIGUES DE CARVALHO;MASCULINO;PARDA;29;NI;NI;ARMA DE FOGO;junho;19;segunda-feira;ADULTO;15;VESPERTINO
HOMICIDIO;19:20;PONTA NEGRA;RUA MANOEL CORINGA DE LEMOS, PROXIMO A IGREJA CATOLICA;MASCULINO;PARDA;19;NI;NI;ARMA DE FOGO;maio;19;sexta-feira;ADULTO;19;NOTURNO
HOMICIDIO;07:00;PONTA NEGRA;RUA INACIO VALE, Nº 04 PROXIMO AO HOTEL RIFFOLES;MASCULINO;PARDA;20;VENDEDOR;NI;PEDRADA;abril;16;domingo;ADULTO;7;MATUTINO
LESAO CORPORAL SEGUIDA DE MORTE;20:15;PONTA NEGRA;RUA EDSON TEIXEIRA DA SILVA Nº 270;MASCULINO;PARDA;29;NI;NI;ARMA DE FOGO;setembro;22;sexta-feira;ADULTO;20;NOTURNO
HOMICIDIO;18:41;PONTA NEGRA;RUA JOAO RODRIGUES DE OLIVEIRA, AO LADO DO MORRO DO CARECA;MASCULINO;NI;28;NI;NI;ARMA BRANCA;janeiro;14;sábado;ADULTO;19;NOTURNO
LATROCINIO;05:00;PONTA NEGRA;AV PRAIA DE GENIPABU EM FRENTE AO CONDOMINIO MARIA CLARA, PROXIMO AO PLANETA ANIMAL, PROXIMO AO PRAIA SHOPPING;MASCULINO;PARDA;59;MOTORISTA;NI;ARMA DE FOGO;abril;9;domingo;ADULTO;5;MADRUGADA
LESAO CORPORAL SEGUIDA DE MORTE;18:00;PONTA NEGRA;RUA DA FLORESTA, Nº 80;MASCULINO;PARDA;22;ESTUDANTE;NI;ARMA DE FOGO;fevereiro;7;terça-feira;ADULTO;18;VESPERTINO
LESAO CORPORAL SEGUIDA DE MORTE;22:45;PONTA NEGRA;AV PRAIA DE MURIÚ- EM FRENTE A OFICINA DO HERALDO, RUA DO PRAIA SHOPPING, AO LADO DA LAGOA DE CAPTAÇÃO, PROXIMO AO POSTO Nº 5 DA CAERN, PROXIMO A PRAÇA TANCREDO NEVES;MASCULINO;PARDA;16;NI;NI;ARMA DE FOGO;novembro;18;sábado;ADOLESCENTE;23;NOTURNO
HOMICIDIO;06:01;PONTA NEGRA;AV ENGENHEIRO ROBERTO FREIRE - POR TRAS DA BOATE WOODS;FEMININO;PARDA;16;ESTUDANTE;NI;ESPANCAMENTO;setembro;17;domingo;ADOLESCENTE;6;MADRUGADA
HOMICIDIO;02:53;PONTA NEGRA;RUA JOAO ALBERTO;MASCULINO;PARDA;34;ACESSOR FINANCEIRO;NI;ARMA DE FOGO;abril;1;sábado;ADULTO;3;MADRUGADA
HOMICIDIO;06:28;POTENGI;PRESIDIO RAIMUNDO NONATO, PAVILHAO B;MASCULINO;PARDA;25;DESEMPREGADO;ENSINO FUNDAMENTAL INCOMPLETO;ASFIXIA MECANICA PROVOCADA;outubro;17;terça-feira;ADULTO;6;MADRUGADA
HOMICIDIO;05:00;POTENGI;AV ITAPETINGA EM FRENTE AO PRESIDIO PROVISORIO RAIMUNDO NONATO;MASCULINO;PARDA;25;DESEMPREGADO;ENSINO MEDIO INCOMPLETO;ARMA DE FOGO;novembro;30;quinta-feira;ADULTO;5;MADRUGADA
LESAO CORPORAL SEGUIDA DE MORTE;22:30;POTENGI;RUA SERRA DO ARAGUAIA, Nº 44, PROXIMO AO COLEGIO MONSENHOR LANDIM;MASCULINO;PARDA;53;MOTORISTA;NI;ARMA DE FOGO;agosto;18;sexta-feira;ADULTO;23;NOTURNO
HOMICIDIO;04:54;POTENGI;RUA ARAGUARI, NO HOSPITAL SANTA CATARINA.;FEMININO;PARDA;0;NI;NI;ARMA DE FOGO;agosto;31;quinta-feira;CRIANÇA;5;MADRUGADA
HOMICIDIO;14:16;POTENGI;AV SERRA NEGRA - FEIRA LIVRE DO CONJUNTO SOLEDADE II;MASCULINO;PARDA;43;DESEMPREGADO;NI;ARMA DE FOGO;novembro;11;sábado;ADULTO;14;VESPERTINO
HOMICIDIO;08:30;POTENGI;AV. ITAPETINGA, PRESIDIO RAIMUNDO NONATO;MASCULINO;PARDA;33;COZINHEIRO;NI;ENFORCAMENTO;agosto;18;sexta-feira;ADULTO;9;MATUTINO
HOMICIDIO;10:25;POTENGI;AV JOAO MEDEIROS FILHO, EM FRENTE AO ATACADAO;MASCULINO;PARDA;29;NI;NI;ARMA DE FOGO;fevereiro;6;segunda-feira;ADULTO;10;MATUTINO
HOMICIDIO;14:30;POTENGI;AV DR. JOAO MEDEIROS FILHO, PRACA DE EVENTOS DO NORDESTAO;MASCULINO;PARDA;18;ESTUDANTE;NI;ARMA DE FOGO;julho;15;sábado;ADULTO;15;VESPERTINO
LESAO CORPORAL SEGUIDA DE MORTE;14:30;POTENGI;AV. JOAO MEDEIROS FILHO - INTERIOR DO NORTE SHOPPING;MASCULINO;PARDA;31;POLICIAL MILITAR;NI;ARMA DE FOGO;janeiro;31;terça-feira;ADULTO;15;VESPERTINO
HOMICIDIO;03:50;POTENGI;RUA MANOEL PAULINO Nº 131;MASCULINO;PARDA;26;AUTONOMO;NI;ARMA DE FOGO;novembro;1;quarta-feira;ADULTO;4;MADRUGADA
HOMICIDIO;13:18;POTENGI;AV BOA SORTE, EM FRENTE A FARMACIA DOS TRABALHADORES, PROXIMO AO COLEGIO 15 DE OUTUBRO, PROXIMO AO COLEGIO BRASIL;MASCULINO;PARDA;19;NI;NI;ARMA DE FOGO;setembro;4;segunda-feira;ADULTO;13;VESPERTINO
HOMICIDIO;08:40;POTENGI;RUA CEREJEIRA - PROXIMO A QUADRA DE ESPORTE E RUA DA FEIRA LIVRE DO CONJ PANORAMA;MASCULINO;PARDA;33;NI;NI;ARMA BRANCA;dezembro;17;domingo;ADULTO;9;MATUTINO
HOMICIDIO;00:50;POTENGI;RUA CORONEL BORGES, Nº 20 (COMUNIDADE DO 10) PROXIMO AO BAR SO MAIS UMA, POR TRAS DA CONJOL;MASCULINO;PARDA;23;RECEPCIONISTA;NI;ARMA DE FOGO;maio;15;segunda-feira;ADULTO;1;NOTURNO
LATROCINIO;10:49;POTENGI;RUA SERRA GERAL, AO LADO DA BASE COMUNITARIA DA GUARDA MUNICIPAL;MASCULINO;PARDA;48;GUARDA MUNICIPAL;NI;ARMA DE FOGO;fevereiro;14;terça-feira;ADULTO;11;MATUTINO
HOMICIDIO;17:18;POTENGI;AV DAS FRONTEIRAS, PROXIMO A APP SERVICE, PROXIMO AO Nº 350;MASCULINO;PARDA;22;DESEMPREGADO;NI;ARMA DE FOGO;setembro;10;domingo;ADULTO;17;VESPERTINO
HOMICIDIO;08:59;POTENGI;RUA PEDRO PEREIRA, Nº 68;MASCULINO;PARDA;36;TECNICO;NI;PAULADA;agosto;10;quinta-feira;ADULTO;9;MATUTINO
LESAO CORPORAL SEGUIDA DE MORTE;09:07;POTENGI;AV SERRA NEGRA - PROXIMO A FARMACIA SANTA FE E RESTAURANTE JJ;MASCULINO;BRANCA;21;MARCENEIRO;NI;ARMA DE FOGO;setembro;29;sexta-feira;ADULTO;9;MATUTINO
HOMICIDIO;21:23;POTENGI;CONJUNTO ALVORADA EM FRENTE A IGREJA CATOLICA;MASCULINO;PARDA;16;ESTUDANTE;NI;ARMA DE FOGO;julho;7;sexta-feira;ADOLESCENTE;21;NOTURNO
HOMICIDIO;00:30;POTENGI;RUA SAO PEDRO, Nº 105 B - PROXIMO AO COMPLEXO CULTURAL;MASCULINO;PARDA;17;NI;NI;ARMA DE FOGO;março;27;segunda-feira;ADOLESCENTE;1;NOTURNO
HOMICIDIO;11:30;POTENGI;RUA DOS COQUEIROS;MASCULINO;PARDA;25;DESEMPREGADO;NI;ARMA DE FOGO;janeiro;4;quarta-feira;ADULTO;12;MATUTINO
HOMICIDIO;15:30;POTENGI;CELA 04 DO CDP ZONA NORTE - AV DR. JOAO MEDEIROS FILHO;MASCULINO;PARDA;22;DESEMPREGADO;NI;ASFIXIA MECANICA PROVOCADA;março;18;sábado;ADULTO;16;VESPERTINO
HOMICIDIO;21:30;POTENGI;AV JOAO MEDEIROS FILHO, VIZINHO A CAIXA ECONOMICA FEDERAL;MASCULINO;PARDA;24;DESEMPREGADO;NI;ARMA DE FOGO;março;15;quarta-feira;ADULTO;22;NOTURNO
HOMICIDIO;07:00;POTENGI;RUA BAHIA, POR TRAS DO PARTAGE NOTH SHOPPING, PROXIMO A CAIXA DAGUA E O CARREFOUR;MASCULINO;PARDA;49;NI;NI;ARMA DE FOGO;maio;19;sexta-feira;ADULTO;7;MATUTINO
LESAO CORPORAL SEGUIDA DE MORTE;19:33;POTENGI;RUA HIROSHI IENAGA;MASCULINO;PARDA;38;PEDREIRO;NI;ARMA DE FOGO;julho;14;sexta-feira;ADULTO;20;NOTURNO
HOMICIDIO;12:05;POTENGI;AV. ITAPETINGA - PRESIDIO RAIMUNDO NONATO;MASCULINO;PARDA;29;NI;NI;ESPANCAMENTO;setembro;14;quinta-feira;ADULTO;12;MATUTINO
HOMICIDIO;01:00;POTENGI;RUA BAIA DE JOSÉ, EM FRENTE AO Nº 1460;MASCULINO;PARDA;23;AJUDANTE DE PEDREIRO;NI;ARMA DE FOGO;agosto;1;terça-feira;ADULTO;1;NOTURNO
HOMICIDIO;01:00;POTENGI;RUA TABAPUÃ, RUA DO PAGUE FACIL, PROXIMO A IGREJA CATOLICA;MASCULINO;PARDA;30;NI;NI;ARMA DE FOGO;dezembro;24;domingo;ADULTO;1;NOTURNO
HOMICIDIO;03:00;POTENGI;PRESIDIO RAIMUNDO NONATO, PAVILHAO A;MASCULINO;PARDA;22;DESEMPREGADO;NI;ARMA BRANCA;abril;25;terça-feira;ADULTO;3;MADRUGADA
LATROCINIO;03:00;POTENGI;AV JOAO MEDEIROS FILHO - PROXIMO AO SUPERMERCADO NORDESTAO, AO LADO CAIXA ECONOMICA FEDERAL;MASCULINO;PARDA;38;POLICIAL MILITAR;NI;ARMA DE FOGO;novembro;10;sexta-feira;ADULTO;3;MADRUGADA
HOMICIDIO;04:03;POTENGI;AV. JOAO MEDEIROS FILHO, ESQUINA COM A RUA JABOTICABEIRA;MASCULINO;PARDA;60;DESEMPREGADO;NI;;setembro;16;sábado;IDOSO;4;MADRUGADA
HOMICIDIO;20:00;POTENGI;AV ITAPETINGA - BAR 24HS;MASCULINO;PARDA;31;MOTOBOY;NI;ARMA DE FOGO;julho;2;domingo;ADULTO;20;NOTURNO
HOMICIDIO;20:00;POTENGI;RUA IGUATU, PROXIMO AO PRESIDIO PROVISORIO RAIMUNDO NONATO;MASCULINO;PARDA;31;DESEMPREGADO;NI;ARMA DE FOGO;setembro;3;domingo;ADULTO;20;NOTURNO
HOMICIDIO;21:00;POTENGI;CADEIA PUBLICA DE NATAL, PRESIDIO PROVISORIO RAIMUNDO NONATO, SITUADO A AV ITAPETINGA;MASCULINO;PARDA;34;AGRICULTOR;NI;ASFIXIA MECANICA PROVOCADA;setembro;1;sexta-feira;ADULTO;21;NOTURNO
HOMICIDIO;05:00;POTENGI;AV ITAPETINGA (AO LADO DA PRAÇA DE TAXI/USB) EM FRENTE AO PRESIDIO PROVISORIO;MASCULINO;PARDA;28;DESEMPREGADO;NI;ARMA DE FOGO;março;12;domingo;ADULTO;5;MADRUGADA
HOMICIDIO;06:00;POTENGI;AVENIDA ITAPETINGA, EM FRENTE AO PRESIDIO JOAO CHAVES;MASCULINO;PARDA;42;MONTADOR;NI;ARMA BRANCA;julho;23;domingo;ADULTO;6;MADRUGADA
OUTRO;NI;POTENGI;TV MARIA JOSE DE LIRA;MASCULINO;NI;22;DESEMPREGADO;NI;ARMA DE FOGO;agosto;25;sexta-feira;ADULTO;NI;NI
FEMINICIDIO;14:11;PRAIA DO MEIO;RUA RODRIGUES DIAS CRUZAMENTO COM RUA PEDRO AFONSO, EM FRENTE AO Nº 272 -PROXIMO A ESCOLA CAFE FILHO E AO CENTRO SOCIAL;FEMININO;PARDA;40;COMERCIANTE;ENSINO FUNDAMENTAL INCOMPLETO;ARMA DE FOGO;outubro;11;quarta-feira;ADULTO;14;VESPERTINO
HOMICIDIO;14:50;PRAIA DO MEIO;AV PRESIDENTE CAFE FILHO, PROXIMO AO TERMINAL DE ONIBUS DE BRASILIA TEIRMOSA, EM FRENTE AO CAMPO DE FUTEBOL SOCIETY;MASCULINO;PARDA;22;FEIRANTE;NI;ARMA DE FOGO;dezembro;10;domingo;ADULTO;15;VESPERTINO
HOMICIDIO;19:30;PRAIA DO MEIO;AV PRESIDENTE CAFE FILHO, PROX AO POSTO FAN E A PRACA DOS HEROIS;FEMININO;BRANCA;18;ESTUDANTE;NI;ARMA DE FOGO;janeiro;29;domingo;ADULTO;20;NOTURNO
HOMICIDIO;19:30;PRAIA DO MEIO;RUA DO MOTOR, Nº 354 - VILA DE GILVAN;MASCULINO;PARDA;32;VIGILANTE;NI;ARMA DE FOGO;janeiro;15;domingo;ADULTO;20;NOTURNO
HOMICIDIO;12:00;PRAIA DO MEIO;AV. CAFE FILHO - EM FRENTE AO AQUARIUS;MASCULINO;PARDA;26;NI;NI;ARMA DE FOGO;junho;9;sexta-feira;ADULTO;12;MATUTINO
HOMICIDIO;14:00;PRAIA DO MEIO;RUA ALTAMIRA, Nº 40;MASCULINO;PARDA;17;NI;NI;ARMA DE FOGO;novembro;7;terça-feira;ADOLESCENTE;14;VESPERTINO
HOMICIDIO;18:47;PRAIA DO MEIO;AV PRESIDENTE CAFE FILHO, Nº 27, EM FRENTE AO BAR BOA IDEIA;MASCULINO;PARDA;30;VIGILANTE;NI;ARMA DE FOGO;fevereiro;20;segunda-feira;ADULTO;19;NOTURNO
LESAO CORPORAL SEGUIDA DE MORTE;23:00;QUINTAS;EM FRENTE AO BAR DE DODOCA;MASCULINO;PARDA;30;DIARISTA;ENSINO FUNDAMENTAL INCOMPLETO;ARMA DE FOGO;dezembro;30;sábado;ADULTO;23;NOTURNO
HOMICIDIO;16:20;QUINTAS;TV LUIZ SAMPAIO, Nº 7, EM FRENTE A LIGA;MASCULINO;PARDA;33;DESEMPREGADO;NI;ARMA DE FOGO;dezembro;6;quarta-feira;ADULTO;16;VESPERTINO
HOMICIDIO;16:15;QUINTAS;RUA RIO POTENGI, POR TRAS DA ESTAÇÃO DE ELEVAÇÃO DA CAERN (DENTRO DO MANGUE);MASCULINO;PARDA;40;DESEMPREGADO;NI;ARMA DE FOGO;abril;21;sexta-feira;ADULTO;16;VESPERTINO
LESAO CORPORAL SEGUIDA DE MORTE;14:40;QUINTAS;RUA PRESIDENTE MASCARENHAS;MASCULINO;PARDA;20;NI;NI;ARMA DE FOGO;fevereiro;14;terça-feira;ADULTO;15;VESPERTINO
LESAO CORPORAL SEGUIDA DE MORTE;08:10;QUINTAS;RUA BEIRA RIO - FAVELA DO MOSQUITO;MASCULINO;NI;19;NI;NI;ARMA DE FOGO;janeiro;17;terça-feira;ADULTO;8;MATUTINO
HOMICIDIO;20:50;QUINTAS;RUA RIO POTENGI, PROXIMO AO MERCADINHO DE CHICO, PROXIMO A ESTACAO;MASCULINO;PARDA;27;COMERCIANTE;NI;ARMA DE FOGO;junho;3;sábado;ADULTO;21;NOTURNO
HOMICIDIO;20:31;QUINTAS;AV BERNARDO VIEIRA, NO BAR DA LINGUA PROXIMO AO VIADUTO DA URBANA;MASCULINO;PARDA;42;APOSENTADO;NI;ARMA DE FOGO;agosto;26;sábado;ADULTO;21;NOTURNO
HOMICIDIO;10:00;QUINTAS;RUA NOVA CENTRAL EM FRENTE AO Nº 1751;MASCULINO;PARDA;20;PINTOR;NI;ARMA DE FOGO;janeiro;13;sexta-feira;ADULTO;10;MATUTINO
HOMICIDIO;19:30;QUINTAS;CRUZAMENTO DAS RUA 1º DE JANEIRO E CRESO BEZERRA;MASCULINO;PARDA;32;DESEMPREGADO;NI;ARMA DE FOGO;dezembro;20;quarta-feira;ADULTO;20;NOTURNO
HOMICIDIO;16:34;QUINTAS;RUA ESTEVAM MACHADO, Nº 17;MASCULINO;PARDA;48;NI;NI;ARMA DE FOGO;janeiro;11;quarta-feira;ADULTO;17;VESPERTINO
HOMICIDIO;11:30;QUINTAS;RUA SANTA HELENA (BEIRA DA MARÉ) PROXIMO AO CAMPO DE FUTEBOL;MASCULINO;PARDA;20;AUTONOMO;NI;ARMA DE FOGO;março;27;segunda-feira;ADULTO;12;MATUTINO
HOMICIDIO;07:00;QUINTAS;RUA MARIO NEGOCIO COM AV 5 CORPO ESQUARTEJADO LOCALIZADO DENTRO DE UM SACO DE ESTOPA ENVOLVIDO EM UM SACO DE LIXA, EM FRENTE A UM LAVA JATO.;MASCULINO;PARDA;28;DIARISTA;NI;ARMA DE FOGO;maio;12;sexta-feira;ADULTO;7;MATUTINO
HOMICIDIO;19:16;QUINTAS;RUA PRESIDENTE MASCARENHAS;MASCULINO;PARDA;46;GARÇON;NI;ARMA DE FOGO;setembro;14;quinta-feira;ADULTO;19;NOTURNO
HOMICIDIO;13:30;QUINTAS;AV MARIO NEGOCIO, PROXIMO AO BAR DO BOTAFOGO, PROXIMO AO POSTO DE GASOLINA SP;MASCULINO;PARDA;51;COMERCIANTE / LAVAR JATO;NI;ARMA DE FOGO;junho;3;sábado;ADULTO;14;VESPERTINO
HOMICIDIO;20:46;QUINTAS;RUA SAO LUCAS -EM FRENTE AO Nº 190;MASCULINO;PARDA;26;NI;NI;ARMA DE FOGO;junho;8;quinta-feira;ADULTO;21;NOTURNO
HOMICIDIO;20:40;QUINTAS;RUA PRESIDENTE MASCARENHAS, PROXIMO AO BAR DA GELADINHA;MASCULINO;PARDA;29;NI;NI;ARMA DE FOGO;maio;7;domingo;ADULTO;21;NOTURNO
HOMICIDIO;01:03;QUINTAS;RUA SAO GERALDO, Nº 13 - CALCADA EM FRENTE A RESIDENCIA - PROX A DISTRIBUIDORA PROGRESSO;MASCULINO;PARDA;21;FEIRANTE;NI;ARMA DE FOGO;fevereiro;24;sexta-feira;ADULTO;1;NOTURNO
LESAO CORPORAL SEGUIDA DE MORTE;00:00;QUINTAS;AV. MARIO NEGOCIO;MASCULINO;PARDA;20;NI;NI;ARMA DE FOGO;setembro;8;sexta-feira;ADULTO;0;NOTURNO
HOMICIDIO;00:00;QUINTAS;RUA DAS LAVADEIRAS - EM FRENTE AO RIO DAS QUINTAS - FAVELA DO JAPAO;MASCULINO;PARDA;26;FEIRANTE;NI;ARMA DE FOGO;janeiro;24;terça-feira;ADULTO;0;NOTURNO
HOMICIDIO;00:20;QUINTAS;AV. BERNARDO VIEIRA, Nº 100, NA ENTRADA DA FAVELA DO JAPAO, PROXIMO A WG MOTOS;MASCULINO;PARDA;43;DESEMPREGADO;NI;ARMA DE FOGO;abril;2;domingo;ADULTO;0;NOTURNO
HOMICIDIO;00:20;QUINTAS;RUA DOS PAIATIS, POR TRAS DO HOSPITAL GISELDA TRIGUEIRO;MASCULINO;PARDA;44;AUTONOMO;NI;ARMA DE FOGO;dezembro;30;sábado;ADULTO;0;NOTURNO
HOMICIDIO;17:00;QUINTAS;TV. SANTA HELENA;MASCULINO;PARDA;19;AJUDANTE DE CARGA E DESCARGA;NI;ARMA DE FOGO;janeiro;19;quinta-feira;ADULTO;17;VESPERTINO
HOMICIDIO;20:00;QUINTAS;TV SANTA HELENA, Nº 24;MASCULINO;PARDA;18;DESEMPREGADO;NI;ARMA DE FOGO;outubro;5;quinta-feira;ADULTO;20;NOTURNO
LESAO CORPORAL SEGUIDA DE MORTE;20:25;QUINTAS;AV FELIZARDO MOURA - COMUNIDADE DO MOSQUITO;MASCULINO;PARDA;22;DESEMPREGADO;NI;ARMA DE FOGO;outubro;31;terça-feira;ADULTO;20;NOTURNO
LESAO CORPORAL SEGUIDA DE MORTE;20:27;QUINTAS;RUA RIO POTENGI;MASCULINO;PARDA;17;ESTUDANTE;NI;ARMA DE FOGO;setembro;30;sábado;ADOLESCENTE;20;NOTURNO
LESAO CORPORAL SEGUIDA DE MORTE;20:27;QUINTAS;RUA RIO POTENGI;MASCULINO;PARDA;31;MECANICO;NI;ARMA DE FOGO;setembro;30;sábado;ADULTO;20;NOTURNO
HOMICIDIO;21:00;QUINTAS;AV MARIO NEGOCIO, EM FRENTE A URBANA;MASCULINO;PARDA;15;DESEMPREGADO;NI;ARMA DE FOGO;julho;27;quinta-feira;ADOLESCENTE;21;NOTURNO
HOMICIDIO;21:00;QUINTAS;RUA DR. MARIO NEGOCIO, EM FRENTE A STOP CAR;MASCULINO;PARDA;33;SERVENTE DE PEDREIRO;NI;ARMA DE FOGO;março;9;quinta-feira;ADULTO;21;NOTURNO
HOMICIDIO;14:00;QUINTAS;AVENIDA MARIO NEGOCIO, LAGOA DE CAPTACAO;MASCULINO;PARDA;24;DESEMPREGADO;NI;ARMA DE FOGO;julho;17;segunda-feira;ADULTO;14;VESPERTINO
HOMICIDIO;14:00;QUINTAS;RIO POTENGI, ENTRE A BASE NAVAL E O BOPE;MASCULINO;PARDA;51;POLICIAL MILITAR - RESERVA;NI;ARMA DE FOGO;agosto;10;quinta-feira;ADULTO;14;VESPERTINO
HOMICIDIO;14:00;QUINTAS;RUA DR. ANTONIO GONÇALVES Nº 1166;MASCULINO;PARDA;39;POLICIAL MILITAR;NI;ARMA DE FOGO;julho;3;segunda-feira;ADULTO;14;VESPERTINO
LESAO CORPORAL SEGUIDA DE MORTE;14:04;QUINTAS;AV INDUSTRIAL L. MOTA, Nº 3722-A, PROXIMO AO POSTO CARAU, PROXIMO A WE TORNEARIA;MASCULINO;PARDA;33;SOLDADOR;NI;ARMA DE FOGO;agosto;27;domingo;ADULTO;14;VESPERTINO
HOMICIDIO;12:43;QUINTAS;RUA BELA COLINA;MASCULINO;PARDA;14;NI;NI;ARMA DE FOGO;janeiro;15;domingo;ADOLESCENTE;13;VESPERTINO
LESAO CORPORAL SEGUIDA DE MORTE;17:51;QUINTAS;RUA PALMIRA WANDERLEY;MASCULINO;PARDA;36;NI;NI;ARMA DE FOGO;maio;24;quarta-feira;ADULTO;18;VESPERTINO
LATROCINIO;20:47;QUINTAS;RUA DOS PEGAS - PROXIMO A ESCOLA FERREIRA ITAJUBA;MASCULINO;PARDA;28;ESTUDANTE;NI;ARMA DE FOGO;setembro;22;sexta-feira;ADULTO;21;NOTURNO
LESAO CORPORAL SEGUIDA DE MORTE;19:00;QUINTAS;RUA SAO GERALDO COM A RUA MIRAMAR;MASCULINO;PARDA;24;AUTONOMO;NI;ARMA BRANCA;abril;23;domingo;ADULTO;19;NOTURNO
HOMICIDIO;09:00;REDINHA;RUA BEBERIBE, Nº 1089;MASCULINO;PARDA;30;DESEMPREGADO;ENSINO FUNDAMENTAL INCOMPLETO;ARMA DE FOGO;outubro;9;segunda-feira;ADULTO;9;MATUTINO
HOMICIDIO;22:30;REDINHA;TV PADRE CICERO, POR TRAS DA CASA Nº 05;MASCULINO;PARDA;47;COMERCIANTE;NI;ARMA DE FOGO;março;6;segunda-feira;ADULTO;23;NOTURNO
HOMICIDIO;12:59;REDINHA;RUA CONSELHEIRO CRISTAO, PROXIMO AO CAMPO DE ULTRALEVE (MATAGAL) ACESSO PELA PISTA NOVA PARA TER ACESSO A BR, VIADUTO NOVO, PROXIMO AO RIO DOCE EM CIMA DO MORRO;MASCULINO;PARDA;22;NI;NI;ARMA DE FOGO;abril;10;segunda-feira;ADULTO;13;VESPERTINO
HOMICIDIO;08:30;REDINHA;RUA TENENTE JURACI, Nº 88;MASCULINO;PARDA;68;DESEMPREGADO;NI;ARMA DE FOGO;julho;10;segunda-feira;IDOSO;9;MATUTINO
HOMICIDIO;15:17;REDINHA;AV GOVERNADOR ANTONIO DE MELO SA;MASCULINO;PARDA;23;NI;NI;ARMA DE FOGO;julho;5;quarta-feira;ADULTO;15;VESPERTINO
HOMICIDIO;23:00;REDINHA;RUA BEIRA MAR, LEITO DO RIO DOCE;MASCULINO;PARDA;29;BORRACHEIRO;NI;ARMA DE FOGO;junho;3;sábado;ADULTO;23;NOTURNO
HOMICIDIO;08:40;REDINHA;RUA DAS AZALEIAS;MASCULINO;PARDA;30;ENTREGADOR;NI;ARMA DE FOGO;junho;17;sábado;ADULTO;9;MATUTINO
LESAO CORPORAL SEGUIDA DE MORTE;15:27;REDINHA;2ª TV CONSELHEIRO TRISTAO, Nº 168;MASCULINO;BRANCA;28;TECNICO DE REFRIGERACAO;NI;ARMA DE FOGO;setembro;8;sexta-feira;ADULTO;15;VESPERTINO
HOMICIDIO;17:20;REDINHA;RUA TORRE DA ESPERANÇA, PROXIMO AO GALPAO, PROXIMO A RESIDENCIA DA VITIMA;MASCULINO;PARDA;26;PINTOR DE CARRO;NI;ARMA DE FOGO;outubro;8;domingo;ADULTO;17;VESPERTINO
HOMICIDIO;17:20;REDINHA;RUA TORRE DA ESPERANÇA, PROXIMO AO GALPAO, PROXIMO A RESIDENCIA DA VITIMA;MASCULINO;PARDA;16;DESEMPREGADO;NI;ARMA DE FOGO;outubro;8;domingo;ADOLESCENTE;17;VESPERTINO
HOMICIDIO;15:30;REDINHA;MARGEM DIREITA DA PONTE NEWTON NAVARRO - SENTIDO IGAPO REDINHA - PROX A PONTE DO RIO DOCE ADENTRANDO O MANGUEZAL UNS 50 M;MASCULINO;PARDA;32;DESEMPREGADO;NI;ARMA DE FOGO;março;3;sexta-feira;ADULTO;16;VESPERTINO
HOMICIDIO;04:21;REDINHA;AV LITORANEA, LOCAL CONHECIDO COMO ARENA DE LUXO, CASA DE LUCIANO EQUIPADORA, PROXIMO A GABI BEBIDAS;MASCULINO;PARDA;19;ESTUDANTE;NI;ARMA DE FOGO;agosto;27;domingo;ADULTO;4;MADRUGADA
HOMICIDIO;07:48;REDINHA;PROXIMO A BALSA DA REDINHA;MASCULINO;PARDA;23;NI;NI;ARMA BRANCA;setembro;20;quarta-feira;ADULTO;8;MATUTINO
HOMICIDIO;06:15;REDINHA;RUA FRANCISCO IVO, EM FRENTE AO MERCADO DA REDINHA;MASCULINO;PARDA;30;PESCADOR;NI;ARMA DE FOGO;fevereiro;18;sábado;ADULTO;6;MADRUGADA
HOMICIDIO;18:30;REDINHA;AV DR. JOAO MEDEIROS FILHO, EM FRENTE AO COLEGIO EXPANSIVO;MASCULINO;PARDA;23;AGRICULTOR;NI;ARMA DE FOGO;julho;27;quinta-feira;ADULTO;19;NOTURNO
HOMICIDIO;19:05;REDINHA;RUA ARAGUAIA;MASCULINO;PARDA;36;DESEMPREGADO;NI;ARMA DE FOGO;junho;20;terça-feira;ADULTO;19;NOTURNO
HOMICIDIO;21:00;REDINHA;ESTACIONAMENTO AO LADO DO MERCADO PUBLICO, AO LADO DA PLACA DE TAXI, EM FRENTE AO PORTAO DO REDINHA CLUBE;MASCULINO;PARDA;34;NI;NI;ARMA DE FOGO;agosto;13;domingo;ADULTO;21;NOTURNO
HOMICIDIO;03:42;RIBEIRA;RUA CHILE;MASCULINO;PARDA;31;NI;NI;ARMA DE FOGO;setembro;23;sábado;ADULTO;4;MADRUGADA
HOMICIDIO;06:04;RIBEIRA;RUA EXPLANADA SILVA JARDIM, PROXIMO AO MOTEL JOIA E AO ESTADIO SENADOR JOAO CAMARA;MASCULINO;PARDA;60;NI;NI;ARMA DE FOGO;abril;26;quarta-feira;IDOSO;6;MADRUGADA
LESAO CORPORAL SEGUIDA DE MORTE;16:20;ROCAS;RUA SAO JOAO DE DEUS, PROXIMIDADES DA RUA DA LUA;MASCULINO;PARDA;13;ESTUDANTE;NI;ARMA DE FOGO;agosto;21;segunda-feira;ADOLESCENTE;16;VESPERTINO
HOMICIDIO;19:20;ROCAS;RUA VEREADOR CAUBY BARROCA (RUA DAS DUNAS) EM FRENTE AO Nº 459;MASCULINO;PARDA;21;DESEMPREGADO;NI;ARMA DE FOGO;março;7;terça-feira;ADULTO;19;NOTURNO
HOMICIDIO;19:30;ROCAS;RUA VEREADOR CAUBY BARROCA COM RUA DECIO FONSECA, PROXIMO AO COLEGIO CAFE FILHO;MASCULINO;PARDA;17;NI;NI;ARMA DE FOGO;julho;26;quarta-feira;ADOLESCENTE;20;NOTURNO
HOMICIDIO;11:30;ROCAS;RUA SAO JOAO DE DEUS - CANTO DO MANGUE;MASCULINO;PARDA;20;DESEMPREGADO;NI;ARMA DE FOGO;fevereiro;22;quarta-feira;ADULTO;12;MATUTINO
HOMICIDIO;01:00;ROCAS;COMUNIDADE DO JACO, PROXIMO A PANIFICADORA JAPAO;FEMININO;PARDA;14;ESUDANTE;NI;ARMA DE FOGO;abril;3;segunda-feira;ADOLESCENTE;1;NOTURNO
HOMICIDIO;01:20;ROCAS;TV DAS DONZELAS, Nº 15, PROXIMO AO MOTEL JOIA, PROXIMO A OFICINA DE LEVI;MASCULINO;PARDA;29;NI;NI;ARMA DE FOGO;setembro;12;terça-feira;ADULTO;1;NOTURNO
HOMICIDIO;22:00;ROCAS;COMUNIDADE DO VIETNÃ;MASCULINO;PARDA;29;NI;NI;ARMA DE FOGO;setembro;3;domingo;ADULTO;22;NOTURNO
HOMICIDIO;13:44;ROCAS;BECO DO RELEXO;MASCULINO;PARDA;22;DESEMPREGADO;NI;ARMA DE FOGO;setembro;27;quarta-feira;ADULTO;14;VESPERTINO
HOMICIDIO;13:44;ROCAS;BECO DO RELEXO;MASCULINO;PARDA;30;DESEMPREGADO;NI;ARMA DE FOGO;setembro;27;quarta-feira;ADULTO;14;VESPERTINO
HOMICIDIO;13:44;ROCAS;BECO DO RELEXO;FEMININO;PARDA;28;DESEMPREGADO;NI;ARMA DE FOGO;setembro;27;quarta-feira;ADULTO;14;VESPERTINO
HOMICIDIO;13:44;ROCAS;BECO DO RELEXO;MASCULINO;PARDA;17;ESTUDANTE;NI;ARMA DE FOGO;setembro;27;quarta-feira;ADOLESCENTE;14;VESPERTINO
HOMICIDIO;21:32;ROCAS;RUA MIRAMAR, PROLONGAMENTO DA AV. FLORIANO PEIXOTO, APOS A SUBESTACAO DA COSERN, PROXIMO A PADARIA JAPAO, PROXIMO AO SEMAFORO DE ACESSO A RUA DO AREAL,;MASCULINO;PARDA;23;NI;NI;ARMA DE FOGO;outubro;13;sexta-feira;ADULTO;22;NOTURNO
HOMICIDIO;11:00;SALINAS;AS MARGENS DO RIO POTENGI, DENTRO DO MANGUEZAL, LADO NORTE, DEFRONTE AO FUZILEIRO NAVAL.;MASCULINO;PARDA;43;DESEMPREGADO;ENSINO FUNDAMENTAL INCOMPLETO;ARMA DE FOGO;outubro;19;quinta-feira;ADULTO;11;MATUTINO
HOMICIDIO;01:57;SALINAS;RUA OLGA LUZIA MARQUES Nº 93 - COMUNIDADE BEIRA RIO;MASCULINO;PARDA;22;CABELELEIRO;NI;ARMA DE FOGO;julho;2;domingo;ADULTO;2;MADRUGADA
HOMICIDIO;10:57;SALINAS;CORPO ENCONTRADO NO MANGUEZAL DO RIO POTENGI -VIVEROS DE CAMARÃO COMUNIDADE BEIRA RIO;MASCULINO;PARDA;24;DESEMPREGADO;NI;ARMA BRANCA;junho;22;quinta-feira;ADULTO;11;MATUTINO
HOMICIDIO;21:31;SANTOS REIS;RUA BELA VISTA, PROXIMO AO VIADUTO DA PRAIA DO FORTE;MASCULINO;PARDA;42;AUTONOMO;NI;ARMA DE FOGO;novembro;30;quinta-feira;ADULTO;22;NOTURNO
HOMICIDIO;20:38;SANTOS REIS;TV DA ESTRELA, Nº 102 EM FRENTE A RESIDENCIA DA VITIMA, PROXIMO A VILA DO EXERCITO APOS O VIADUTO EM DIRECAO AO CANTO DO MANGUE (VIETNÃ) PROX A TENAL;MASCULINO;PARDA;26;NI;NI;ARMA DE FOGO;março;4;sábado;ADULTO;21;NOTURNO
HOMICIDIO;21:00;SANTOS REIS;RUA BOA VISTA, EM FRENTE AO Nº 91, PROXIMO AO TERMINAL DE ONIBUS DE BRASILIA TEIMOSA;MASCULINO;PARDA;27;ESTUDANTE;NI;ARMA DE FOGO;abril;22;sábado;ADULTO;21;NOTURNO
HOMICIDIO;05:00;SANTOS REIS;CORPO LOCALIZADO NA AREA DE MANGUE AO LADO DA PASSARELA DE ACESSO AO FORTE REIS MAGOS;MASCULINO;PARDA;28;ESTUDANTE;NI;ENFORCAMENTO;agosto;5;sábado;ADULTO;5;MADRUGADA
HOMICIDIO;14:40;TIROL;RUA SAO JOAQUIM, AO LADO DA QUADRA DE ESPORTES PROX AO SHOPPING MIDWAY;MASCULINO;PARDA;28;DESEMPREGADO;NI;ARMA DE FOGO;janeiro;25;quarta-feira;ADULTO;15;VESPERTINO
