BAIRRO DA OCORRENCIA;GENERO;ETNIA;PROFISSAO;ESCOLARIDADE;INSTRUMENTO UTILIZADO;MES;SEMANA;DIA DA SEMANA;FAIXA;TURNO;ZONA
FELIPE CAMARÃO;MASC;PAR;MENOR DEPENDENTE;NI_ESC;ARMA_F;jun;SEM3;ter;CRI;NI_TUR;Oeste
NOSSA SRA DA APRESENTAÇÃO;FEM;PAR;ESTUDANTE C;EMC;ARMA_F;fev;SEM5;dom;ADO;VES;Norte
LAGOA AZUL;MASC;PAR;MENOR SEM OCUPACAO;NI_ESC;ARMA_F;nov;SEM5;seg;ADO;NOT;Norte
NOSSA SRA DA APRESENTAÇÃO;MASC;PAR;PEDREIRO;EFC;ARMA_F;set;SEM3;dom;ADO;NOT;Norte
NOSSA SRA DA APRESENTAÇÃO;MASC;NEG;ESTUDANTE C;EMC;ARMA_F;dez;SEM4;sex;ADO;VES;Norte
PONTA NEGRA;MASC;BRA;ESTUDANTE C;EMC;ARMA_B;mar;SEM4;qua;ADO;VES;Sul
BOM PASTOR;MASC;PAR;MENOR SEM OCUPACAO;NI_ESC;ARMA_F;dez;SEM2;dom;ADO;MAD;Oeste
CIDADE ALTA;MASC;PAR;VENDEDOR DE LOJA;EMC;ARMA_F;mar;SEM5;ter;ADO;NOT;Leste
CIDADE DA ESPERANÇA;MASC;PAR;MENOR SEM OCUPACAO;NI_ESC;ARMA_F;out;SEM5;ter;ADO;NOT;Oeste
FELIPE CAMARÃO;FEM;PAR;ESTUDANTE C;EMC;ARMA_F;jul;SEM1;qua;ADO;NI_TUR;Oeste
FELIPE CAMARÃO;MASC;PAR;ESTUDANTE C;EMC;ARMA_F;abr;SEM3;qua;ADO;NI_TUR;Oeste
NOSSA SRA DA APRESENTAÇÃO;FEM;PAR;ESTUDANTE C;EMC;ESPANC;jul;SEM1;sáb;ADO;NOT;Norte
PAJUÇARA;MASC;NEG;MENOR SEM OCUPACAO;NI_ESC;ARMA_F;jun;SEM3;qui;ADO;NOT;Norte
ALECRIM;MASC;PAR;ESTUDANTE B;EFC;ARMA_F;mar;SEM6;seg;ADO;VES;Leste
CIDADE ALTA;FEM;PAR;MENOR SEM OCUPACAO;NI_ESC;ARMA_F;out;SEM4;ter;ADO;NOT;Leste
CIDADE ALTA;MASC;PAR;MENOR SEM OCUPACAO;NI_ESC;ARMA_F;out;SEM4;ter;ADO;VES;Leste
CIDADE DA ESPERANÇA;MASC;BRA;ESTUDANTE B;EFC;ARMA_F;abr;SEM4;qua;ADO;NI_TUR;Oeste
FELIPE CAMARÃO;MASC;BRA;MENOR SEM OCUPACAO;NI_ESC;ARMA_F;jan;SEM4;dom;ADO;NOT;Oeste
IGAPÓ;MASC;PAR;MENOR SEM OCUPACAO;NI_ESC;ARMA_F;jun;SEM3;sáb;ADO;VES;Norte
IGAPÓ;MASC;PAR;MENOR SEM OCUPACAO;NI_ESC;ARMA_F;out;SEM5;ter;ADO;NI_TUR;Norte
LAGOA SECA;MASC;PAR;MENOR SEM OCUPACAO;NI_ESC;ARMA_F;nov;SEM4;dom;ADO;VES;Leste
NI_BAIRRO;MASC;PAR;SERVENTE DE OBRAS;EFC;ARMA_F;jul;SEM4;seg;ADO;VES;NI_ZONA
NI_BAIRRO;MASC;PAR;MENOR SEM OCUPACAO;NI_ESC;ARMA_F;dez;SEM5;qua;ADO;NOT;NI_ZONA
NI_BAIRRO;MASC;PAR;MENOR SEM OCUPACAO;NI_ESC;ARMA_F;nov;SEM2;dom;ADO;NOT;NI_ZONA
NORDESTE;MASC;PAR;ESTUDANTE B;EFC;ARMA_F;set;SEM4;ter;ADO;NOT;Oeste
NOSSA SENHORA DE NAZARÉ;MASC;NEG;ESTUDANTE C;EMC;ARMA_F;jan;SEM2;sex;ADO;NOT;Oeste
NOSSA SRA DA APRESENTAÇÃO;MASC;PAR;MENOR SEM OCUPACAO;NI_ESC;ARMA_F;jul;SEM4;sáb;ADO;VES;Norte
POTENGI;MASC;NEG;ESTUDANTE B;EFC;ARMA_F;dez;SEM5;qua;ADO;NOT;Norte
ROCAS;MASC;PAR;MENOR SEM OCUPACAO;NI_ESC;ARMA_F;jul;SEM4;sex;ADO;VES;Leste
BOM PASTOR;MASC;NEG;MENOR SEM OCUPACAO;NI_ESC;ARMA_F;nov;SEM5;qua;ADO;VES;Oeste
BOM PASTOR;MASC;PAR;MENOR SEM OCUPACAO;NI_ESC;ARMA_F;nov;SEM3;dom;ADO;NOT;Oeste
CIDADE ALTA;MASC;PAR;MENOR SEM OCUPACAO;NI_ESC;ARMA_F;mar;SEM3;sex;ADO;VES;Leste
CIDADE DA ESPERANÇA;MASC;BRA;ESTUDANTE B;EFC;ARMA_F;mar;SEM5;ter;ADO;NOT;Oeste
CIDADE DA ESPERANÇA;MASC;NEG;ESTUDANTE B;EFC;ARMA_F;mar;SEM5;ter;ADO;NOT;Oeste
LAGOA AZUL;MASC;BRA;MENOR SEM OCUPACAO;NI_ESC;ARMA_F;fev;SEM3;ter;ADO;MAD;Norte
LAGOA NOVA;MASC;BRA;ENTREGADOR;EFC;ARMA_F;mar;SEM2;sáb;ADO;NOT;Sul
MÃE LUÍZA;MASC;NEG;MENOR SEM OCUPACAO;NI_ESC;ARMA_F;jun;SEM1;sex;ADO;NOT;Leste
MÃE LUÍZA;MASC;NEG;MENOR SEM OCUPACAO;NI_ESC;ARMA_F;set;SEM5;ter;ADO;VES;Leste
NI_BAIRRO;MASC;PAR;MENOR SEM OCUPACAO;NI_ESC;ARMA_F;out;SEM4;sáb;ADO;NOT;NI_ZONA
NOSSA SRA DA APRESENTAÇÃO;FEM;PAR;ESTUDANTE B;EFC;ARMA_F;jan;SEM3;qui;ADO;NOT;Norte
NOSSA SRA DA APRESENTAÇÃO;FEM;PAR;MENOR SEM OCUPACAO;NI_ESC;ARMA_F;set;SEM2;sáb;ADO;VES;Norte
NOSSA SRA DA APRESENTAÇÃO;MASC;NEG;MENOR SEM OCUPACAO;NI_ESC;ARMA_F;jun;SEM1;dom;ADO;VES;Norte
NOSSA SRA DA APRESENTAÇÃO;MASC;PAR;MENOR SEM OCUPACAO;NI_ESC;ARMA_F;out;SEM5;seg;ADO;VES;Norte
PAJUÇARA;MASC;PAR;ESTUDANTE B;EFC;ARMA_F;jan;SEM3;ter;ADO;VES;Norte
PAJUÇARA;MASC;NEG;ESTUDANTE B;EFC;ARMA_F;jan;SEM2;sáb;ADO;MAD;Norte
PAJUÇARA;MASC;PAR;MENOR SEM OCUPACAO;NI_ESC;ARMA_F;out;SEM5;qui;ADO;MAT;Norte
PETRÓPOLIS;MASC;BRA;ESTUDANTE B;EFC;ARMA_F;mai;SEM3;ter;ADO;NOT;Leste
PLANALTO;MASC;PAR;ESTUDANTE B;EFC;ARMA_F;jul;SEM2;qua;ADO;MAD;Oeste
POTENGI;MASC;BRA;SOLDADOR;EFC;ARMA_F;abr;SEM5;dom;ADO;NI_TUR;Norte
REDINHA;MASC;NEG;MENOR SEM OCUPACAO;NI_ESC;ARMA_F;ago;SEM3;seg;ADO;NOT;Norte
ALECRIM;MASC;NEG;DESOCUPADO(A);NI_ESC;ARMA_F;jul;SEM4;sáb;ADU;NI_TUR;Leste
CIDADE DA ESPERANÇA;MASC;NEG;GARCOM;EMC;ARMA_F;ago;SEM2;sáb;ADU;VES;Oeste
DIX-SEPT ROSADO;MASC;PAR;DESOCUPADO(A);NI_ESC;ARMA_F;nov;SEM3;sex;ADU;NOT;Oeste
FELIPE CAMARÃO;MASC;NEG;ESTUDANTE C;EMC;ARMA_F;dez;SEM2;qui;ADU;NOT;Oeste
FELIPE CAMARÃO;MASC;PAR;ESTUDANTE C;EMC;ARMA_F;mai;SEM2;sex;ADU;NOT;Oeste
GUARAPES;MASC;NEG;DESOCUPADO(A);NI_ESC;ARMA_B;abr;SEM1;ter;ADU;NOT;Oeste
IGAPÓ;MASC;BRA;SOLDADOR;EFC;ARMA_F;ago;SEM5;seg;ADU;NOT;Norte
IGAPÓ;MASC;NEG;SERVENTE DE OBRAS;EFC;ARMA_F;fev;SEM5;seg;ADU;NI_TUR;Norte
IGAPÓ;FEM;BRA;DESOCUPADO(A);NI_ESC;ARMA_F;dez;SEM4;seg;ADU;NI_TUR;Norte
LAGOA AZUL;MASC;NEG;SERVENTE DE OBRAS;EFC;ARMA_F;ago;SEM5;qua;ADU;MAT;Norte
LAGOA AZUL;MASC;NEG;MECANICO(A);EMC;ARMA_F;jan;SEM3;qui;ADU;NOT;Norte
LAGOA AZUL;MASC;PAR;ESTUDANTE C;EMC;ARMA_F;abr;SEM3;sáb;ADU;VES;Norte
LAGOA AZUL;MASC;BRA;DESOCUPADO(A);NI_ESC;ARMA_F;nov;SEM3;seg;ADU;MAT;Norte
MÃE LUÍZA;MASC;PAR;ESTUDANTE C;EMC;ARMA_F;fev;SEM4;sáb;ADU;NOT;Leste
MÃE LUÍZA;MASC;NEG;DESOCUPADO(A);NI_ESC;ARMA_F;jan;SEM2;sáb;ADU;VES;Leste
NI_BAIRRO;MASC;PAR;SERIGRAFISTA;EMC;ARMA_F;jul;SEM4;qui;ADU;VES;NI_ZONA
NOSSA SENHORA DE NAZARÉ;MASC;BRA;DESOCUPADO(A);NI_ESC;ARMA_B;abr;SEM3;sáb;ADU;NI_TUR;Oeste
NOSSA SRA DA APRESENTAÇÃO;MASC;BRA;AUXILIAR DE CARPINTEIRO;EFC;ARMA_F;fev;SEM4;sex;ADU;NI_TUR;Norte
NOSSA SRA DA APRESENTAÇÃO;MASC;PAR;SERVENTE DE OBRAS;EFC;ARMA_F;jan;SEM4;sáb;ADU;NOT;Norte
NOSSA SRA DA APRESENTAÇÃO;MASC;PAR;ESTUDANTE C;EMC;ARMA_F;mar;SEM4;qui;ADU;VES;Norte
NOVA DESCOBERTA;MASC;PAR;ESTUDANTE C;EMC;ARMA_F;nov;SEM3;qui;ADU;NI_TUR;Sul
PAJUÇARA;MASC;PAR;SERVENTE DE OBRAS;EFC;ARMA_F;mar;SEM3;qui;ADU;NOT;Norte
PAJUÇARA;MASC;PAR;SERVENTE DE OBRAS;EFC;ARMA_F;mar;SEM3;qui;ADU;NOT;Norte
PAJUÇARA;MASC;NEG;ESTUDANTE C;EMC;ARMA_F;jul;SEM5;dom;ADU;VES;Norte
PAJUÇARA;MASC;NEG;DESOCUPADO(A);NI_ESC;ARMA_F;ago;SEM4;seg;ADU;NOT;Norte
PAJUÇARA;FEM;PAR;NI_PROF;NI_ESC;ARMA_F;jun;SEM4;qua;ADU;NOT;Norte
PLANALTO;MASC;NEG;ESTUDANTE C;EMC;ARMA_F;ago;SEM5;ter;ADU;NOT;Oeste
PLANALTO;MASC;BRA;VENDEDOR DE LOJA;EMC;ARMA_F;mai;SEM3;sáb;ADU;NOT;Oeste
PLANALTO;MASC;NEG;DESEMPREGADO;NI_ESC;ARMA_F;ago;SEM4;dom;ADU;VES;Oeste
PONTA NEGRA;MASC;NEG;DESEMPREGADO;NI_ESC;ARMA_F;jul;SEM1;qua;ADU;VES;Sul
PONTA NEGRA;MASC;PAR;DESOCUPADO(A);NI_ESC;ARMA_F;out;SEM1;sex;ADU;VES;Sul
POTENGI;MASC;NEG;ESTUDANTE C;EMC;ARMA_B;jul;SEM4;qui;ADU;VES;Norte
POTENGI;MASC;PAR;ESTUDANTE C;EMC;ARMA_F;nov;SEM3;qui;ADU;VES;Norte
POTENGI;FEM;PAR;ESTUDANTE C;EMC;ARMA_F;set;SEM5;dom;ADU;VES;Norte
POTENGI;MASC;NEG;NI_PROF;NI_ESC;ARMA_F;mar;SEM2;qua;ADU;VES;Norte
POTENGI;MASC;NEG;DETENTO;NI_ESC;AMP;jan;SEM3;sáb;ADU;NOT;Norte
POTENGI;MASC;PAR;DESOCUPADO(A);NI_ESC;CARBO;jan;SEM3;seg;ADU;VES;Norte
POTENGI;MASC;NEG;DESOCUPADO(A);NI_ESC;ESPANC;jul;SEM4;sáb;ADU;VES;Norte
QUINTAS;MASC;NEG;GARCOM;EMC;ARMA_F;fev;SEM3;sex;ADU;VES;Oeste
QUINTAS;MASC;NEG;DESEMPREGADO;NI_ESC;ARMA_F;jul;SEM1;ter;ADU;NOT;Oeste
ROCAS;MASC;NEG;ESTUDANTE C;EMC;ARMA_F;ago;SEM2;seg;ADU;MAT;Leste
AREIA PRETA;MASC;BRA;ESTUDANTE C;EMC;ARMA_F;fev;SEM3;qui;ADU;NOT;Leste
BARRO VERMELHO;MASC;PAR;VIGILANTE;EMC;ARMA_F;set;SEM3;qua;ADU;VES;Leste
CIDADE DA ESPERANÇA;MASC;NEG;ASG;EFC;ARMA_F;mai;SEM4;ter;ADU;NI_TUR;Oeste
CIDADE NOVA;MASC;NEG;SERVENTE DE OBRAS;EFC;ARMA_F;abr;SEM4;dom;ADU;VES;Oeste
FELIPE CAMARÃO;MASC;NEG;ENTREGADOR;EFC;ARMA_F;mar;SEM4;seg;ADU;VES;Oeste
FELIPE CAMARÃO;MASC;PAR;NI_PROF;NI_ESC;ARMA_F;out;SEM5;seg;ADU;VES;Oeste
FELIPE CAMARÃO;MASC;BRA;DESEMPREGADO;NI_ESC;ARMA_F;jan;SEM1;qui;ADU;VES;Oeste
IGAPÓ;MASC;NEG;SERVENTE DE OBRAS;EFC;ARMA_F;fev;SEM4;sáb;ADU;NI_TUR;Norte
IGAPÓ;MASC;PAR;NI_PROF;NI_ESC;ARMA_B;nov;SEM2;sex;ADU;NOT;Norte
LAGOA AZUL;MASC;PAR;AUXILIAR DE PORTARIA;EMC;ARMA_F;abr;SEM4;ter;ADU;NI_TUR;Norte
LAGOA AZUL;MASC;NEG;NI_PROF;NI_ESC;ARMA_F;jun;SEM1;sáb;ADU;MAD;Norte
LAGOA NOVA;FEM;PAR;ESTUDANTE C;EMC;ARMA_F;mai;SEM5;qui;ADU;NOT;Sul
LAGOA NOVA;MASC;NEG;REPOSITOR DE ESTOQUE;EMC;ARMA_F;set;SEM2;qua;ADU;VES;Sul
NOSSA SRA DA APRESENTAÇÃO;MASC;PAR;SERVENTE DE OBRAS;EFC;ARMA_F;mai;SEM2;sáb;ADU;NI_TUR;Norte
NOSSA SRA DA APRESENTAÇÃO;MASC;BRA;SERVENTE DE OBRAS;EFC;ARMA_F;mar;SEM2;dom;ADU;NI_TUR;Norte
NOSSA SRA DA APRESENTAÇÃO;MASC;PAR;GESSEIRO;EFC;ARMA_F;abr;SEM1;ter;ADU;VES;Norte
NOSSA SRA DA APRESENTAÇÃO;MASC;PAR;AUXILIAR ELETRICISTA;EFC;ARMA_F;jan;SEM4;sáb;ADU;NOT;Norte
PAJUÇARA;MASC;NEG;ESTUDANTE C;EMC;ARMA_F;ago;SEM4;ter;ADU;NOT;Norte
PAJUÇARA;MASC;PAR;ESTUDANTE C;EMC;ARMA_F;mai;SEM3;seg;ADU;NI_TUR;Norte
PAJUÇARA;MASC;PAR;NI_PROF;NI_ESC;ARMA_F;out;SEM5;qui;ADU;NOT;Norte
PAJUÇARA;MASC;PAR;NI_PROF;NI_ESC;ARMA_F;jun;SEM4;qua;ADU;MAT;Norte
POTENGI;MASC;BRA;ESTUDANTE C;EMC;ARMA_F;fev;SEM2;sáb;ADU;VES;Norte
POTENGI;MASC;NEG;ESTUDANTE C;EMC;ARMA_F;ago;SEM2;qui;ADU;MAT;Norte
PRAIA DO MEIO;MASC;NEG;SERVENTE DE OBRAS;EFC;ARMA_F;jul;SEM2;qua;ADU;MAT;Leste
REDINHA;MASC;BRA;AMBULANTE;EFC;ARMA_F;fev;SEM3;dom;ADU;VES;Norte
ALECRIM;MASC;NEG;DESEMPREGADO;NI_ESC;ARMA_F;mai;SEM1;sáb;ADU;NOT;Leste
CIDADE ALTA;MASC;PAR;ASG;EFC;ARMA_F;mar;SEM3;sex;ADU;NOT;Leste
DIX-SEPT ROSADO;MASC;PAR;AUXILIAR DE MECANICO;EFC;ARMA_F;fev;SEM3;dom;ADU;NOT;Oeste
DIX-SEPT ROSADO;FEM;PAR;DESOCUPADO(A);NI_ESC;ARMA_F;abr;SEM4;seg;ADU;VES;Oeste
DIX-SEPT ROSADO;MASC;BRA;DESEMPREGADO;NI_ESC;ARMA_F;fev;SEM3;dom;ADU;VES;Oeste
FELIPE CAMARÃO;MASC;NEG;ASG;EFC;ARMA_F;jan;SEM1;qua;ADU;NOT;Oeste
FELIPE CAMARÃO;MASC;NEG;ESTUDANTE C;EMC;ARMA_F;jul;SEM3;qui;ADU;NOT;Oeste
FELIPE CAMARÃO;MASC;NEG;VIGILANTE;EMC;ARMA_F;dez;SEM5;dom;ADU;VES;Oeste
FELIPE CAMARÃO;MASC;NEG;NI_PROF;NI_ESC;ARMA_F;jun;SEM4;ter;ADU;VES;Oeste
FELIPE CAMARÃO;MASC;PAR;NI_PROF;NI_ESC;ARMA_F;nov;SEM2;qua;ADU;VES;Oeste
IGAPÓ;MASC;NEG;VIGILANTE;EMC;ARMA_F;abr;SEM2;sex;ADU;VES;Norte
LAGOA AZUL;MASC;NEG;SERVENTE DE OBRAS;EFC;ARMA_F;ago;SEM5;sex;ADU;NOT;Norte
LAGOA AZUL;MASC;NEG;DESEMPREGADO;NI_ESC;ARMA_F;fev;SEM4;sex;ADU;NI_TUR;Norte
LAGOA NOVA;MASC;BRA;ESTUDANTE C;EMC;ARMA_F;mar;SEM5;sáb;ADU;NOT;Sul
MÃE LUÍZA;MASC;PAR;NI_PROF;NI_ESC;ARMA_F;nov;SEM5;dom;ADU;MAD;Leste
NOSSA SRA DA APRESENTAÇÃO;MASC;NEG;ACOUGUEIRO(A);EFC;ARMA_F;set;SEM4;qua;ADU;VES;Norte
NOSSA SRA DA APRESENTAÇÃO;MASC;NEG;MOTORISTA;EMC;ARMA_F;set;SEM4;qui;ADU;VES;Norte
NOSSA SRA DA APRESENTAÇÃO;MASC;NEG;ESTUDANTE C;EMC;ARMA_F;ago;SEM1;sex;ADU;NOT;Norte
NOSSA SRA DA APRESENTAÇÃO;MASC;NEG;ESTUDANTE C;EMC;ARMA_F;out;SEM2;ter;ADU;NI_TUR;Norte
NOSSA SRA DA APRESENTAÇÃO;MASC;NEG;DESOCUPADO(A);NI_ESC;ARMA_F;mai;SEM5;dom;ADU;NOT;Norte
NOSSA SRA DA APRESENTAÇÃO;MASC;NEG;DESEMPREGADO;NI_ESC;ARMA_F;ago;SEM2;seg;ADU;NOT;Norte
NOSSA SRA DA APRESENTAÇÃO;MASC;PAR;DESOCUPADO(A);NI_ESC;ARMA_F;fev;SEM5;qua;ADU;NOT;Norte
NOSSA SRA DA APRESENTAÇÃO;MASC;BRA;NI_PROF;NI_ESC;ARMA_F;out;SEM5;qua;ADU;VES;Norte
NOSSA SRA DA APRESENTAÇÃO;MASC;NEG;FEIRANTE;NI_ESC;ARMA_F;abr;SEM2;sáb;ADU;VES;Norte
PAJUÇARA;MASC;NEG;NI_PROF;NI_ESC;ARMA_B;jun;SEM1;qui;ADU;VES;Norte
PAJUÇARA;MASC;NEG;DESOCUPADO(A);NI_ESC;ARMA_F;abr;SEM1;ter;ADU;NOT;Norte
PAJUÇARA;MASC;NEG;DESOCUPADO(A);NI_ESC;ARMA_F;jul;SEM5;seg;ADU;VES;Norte
PAJUÇARA;FEM;PAR;NI_PROF;NI_ESC;ARMA_F;jun;SEM4;sex;ADU;MAD;Norte
PLANALTO;MASC;NEG;SERVENTE DE OBRAS;EFC;ARMA_F;mai;SEM3;sáb;ADU;NOT;Oeste
PLANALTO;MASC;PAR;VIGILANTE;EMC;ARMA_F;set;SEM3;qua;ADU;NI_TUR;Oeste
PLANALTO;MASC;PAR;DESEMPREGADO;NI_ESC;ARMA_F;jan;SEM5;qua;ADU;NOT;Oeste
POTENGI;MASC;NEG;ENTREGADOR;EFC;ARMA_F;jan;SEM2;sex;ADU;NOT;Norte
POTENGI;MASC;PAR;ESTUDANTE C;EMC;ARMA_F;abr;SEM3;seg;ADU;VES;Norte
POTENGI;MASC;BRA;DESOCUPADO(A);NI_ESC;ARMA_F;abr;SEM5;qua;ADU;NOT;Norte
ROCAS;MASC;NEG;NI_PROF;NI_ESC;ARMA_F;jun;SEM4;sáb;ADU;NOT;Leste
ROCAS;MASC;BRA;NI_PROF;NI_ESC;ARMA_F;mai;SEM5;qua;ADU;VES;Leste
SANTOS REIS;MASC;PAR;VENDEDOR DE LOJA;EMC;ARMA_F;mai;SEM3;dom;ADU;NOT;Leste
ALECRIM;MASC;NEG;DESOCUPADO(A);NI_ESC;ARMA_F;jul;SEM3;dom;ADU;MAT;Leste
BOM PASTOR;MASC;PAR;AUXILIAR DE MECANICO;EFC;ARMA_F;mar;SEM4;sáb;ADU;NI_TUR;Oeste
CIDADE DA ESPERANÇA;MASC;PAR;NI_PROF;NI_ESC;ARMA_F;dez;SEM3;qui;ADU;NI_TUR;Oeste
DIX-SEPT ROSADO;MASC;NEG;DESEMPREGADO;NI_ESC;ARMA_F;jul;SEM5;qui;ADU;VES;Oeste
DIX-SEPT ROSADO;MASC;NEG;NI_PROF;NI_ESC;ARMA_F;nov;SEM3;sáb;ADU;MAT;Oeste
FELIPE CAMARÃO;MASC;NEG;SERVENTE DE OBRAS;EFC;ARMA_F;jan;SEM3;seg;ADU;MAD;Oeste
FELIPE CAMARÃO;MASC;NEG;DESEMPREGADO;NI_ESC;ARMA_F;abr;SEM3;dom;ADU;MAD;Oeste
FELIPE CAMARÃO;FEM;NEG;NI_PROF;NI_ESC;ARMA_F;jun;SEM2;qua;ADU;NOT;Oeste
GUARAPES;MASC;NEG;AUXILIAR DE MARCENEIRO;EFC;ARMA_F;ago;SEM2;sex;ADU;NI_TUR;Oeste
GUARAPES;MASC;PAR;ESTUDANTE C;EMC;ARMA_F;ago;SEM3;qua;ADU;VES;Oeste
GUARAPES;MASC;NEG;DESOCUPADO(A);NI_ESC;ARMA_F;ago;SEM4;qua;ADU;NOT;Oeste
LAGOA AZUL;MASC;PAR;SERVENTE DE OBRAS;EFC;ARMA_F;mar;SEM5;sáb;ADU;VES;Norte
LAGOA SECA;MASC;PAR;NI_PROF;NI_ESC;ARMA_B;dez;SEM4;qua;ADU;MAD;Leste
MÃE LUÍZA;MASC;NEG;SERVENTE DE OBRAS;EFC;ARMA_F;fev;SEM2;dom;ADU;VES;Leste
NOSSA SRA DA APRESENTAÇÃO;MASC;NEG;NI_PROF;NI_ESC;ARMA_F;jun;SEM2;sáb;ADU;NOT;Norte
NOSSA SRA DA APRESENTAÇÃO;MASC;BRA;NI_PROF;NI_ESC;ARMA_F;dez;SEM1;sex;ADU;NOT;Norte
PAJUÇARA;MASC;PAR;LAVADOR DE ONIBUS;EFC;ARMA_F;fev;SEM4;seg;ADU;VES;Norte
PAJUÇARA;FEM;BRA;NI_PROF;NI_ESC;ARMA_F;set;SEM4;sex;ADU;NI_TUR;Norte
PAJUÇARA;MASC;BRA;DESEMPREGADO;NI_ESC;ARMA_F;mar;SEM3;sáb;ADU;NOT;Norte
PITIMBU;MASC;BRA;DESEMPREGADO;NI_ESC;ARMA_F;mai;SEM3;seg;ADU;NI_TUR;Sul
PLANALTO;MASC;NEG;NI_PROF;NI_ESC;ARMA_F;jun;SEM4;ter;ADU;VES;Oeste
PLANALTO;MASC;NEG;NI_PROF;NI_ESC;ARMA_F;nov;SEM3;dom;ADU;NI_TUR;Oeste
PLANALTO;MASC;PAR;DETENTO FUGITIVO;NI_ESC;ARMA_F;out;SEM1;sex;ADU;NOT;Oeste
PLANALTO;MASC;PAR;DESEMPREGADO;NI_ESC;ARMA_F;ago;SEM4;seg;ADU;MAT;Oeste
PONTA NEGRA;MASC;NEG;DESEMPREGADO;NI_ESC;ARMA_F;mai;SEM1;sáb;ADU;NOT;Sul
POTENGI;MASC;NEG;ASG;EFC;ARMA_F;set;SEM1;sex;ADU;MAD;Norte
POTENGI;MASC;PAR;NI_PROF;NI_ESC;ARMA_F;nov;SEM4;sex;ADU;VES;Norte
REDINHA;MASC;BRA;DESOCUPADO(A);NI_ESC;ARMA_F;fev;SEM5;qui;ADU;NOT;Norte
DIX-SEPT ROSADO;MASC;NEG;DESEMPREGADO;NI_ESC;ARMA_F;jul;SEM5;dom;ADU;NOT;Oeste
FELIPE CAMARÃO;MASC;NEG;NI_PROF;NI_ESC;ARMA_F;nov;SEM4;qui;ADU;NI_TUR;Oeste
GUARAPES;MASC;NEG;SERVENTE DE OBRAS;EFC;ARMA_F;jul;SEM2;dom;ADU;NOT;Oeste
IGAPÓ;MASC;PAR;NI_PROF;NI_ESC;ARMA_F;nov;SEM3;sex;ADU;VES;Norte
LAGOA AZUL;MASC;BRA;VENDEDOR AUTONOMO;EFC;ARMA_B;fev;SEM3;dom;ADU;MAT;Norte
LAGOA AZUL;MASC;NEG;SERVENTE DE OBRAS;EFC;ARMA_F;jul;SEM5;qui;ADU;VES;Norte
LAGOA AZUL;MASC;PAR;SERVENTE DE OBRAS;EFC;ARMA_F;abr;SEM1;sex;ADU;NOT;Norte
LAGOA AZUL;MASC;BRA;ESTUDANTE C;EMC;ARMA_F;fev;SEM4;ter;ADU;NOT;Norte
LAGOA AZUL;MASC;NEG;NI_PROF;NI_ESC;ARMA_F;nov;SEM4;dom;ADU;NOT;Norte
LAGOA AZUL;MASC;NEG;NI_PROF;NI_ESC;ARMA_F;jan;SEM5;sex;ADU;VES;Norte
LAGOA AZUL;MASC;NEG;NI_PROF;NI_ESC;ARMA_F;jun;SEM5;seg;ADU;MAT;Norte
MÃE LUÍZA;MASC;BRA;ESTUDANTE C;EMC;ARMA_F;mar;SEM3;seg;ADU;NI_TUR;Leste
NEÓPOLIS;MASC;BRA;VIGILANTE;EMC;ARMA_F;fev;SEM5;qua;ADU;NOT;Sul
NI_BAIRRO;MASC;PAR;NI_PROF;NI_ESC;ARMA_F;dez;SEM4;qua;ADU;NOT;NI_ZONA
NORDESTE;MASC;NEG;VENDEDOR AUTONOMO;EFC;ARMA_F;set;SEM2;dom;ADU;NOT;Oeste
NOSSA SRA DA APRESENTAÇÃO;MASC;PAR;MOTORISTA;EMC;ARMA_F;ago;SEM1;sáb;ADU;NOT;Norte
NOSSA SRA DA APRESENTAÇÃO;MASC;NEG;DESOCUPADO(A);NI_ESC;ARMA_F;jul;SEM4;qui;ADU;NI_TUR;Norte
PAJUÇARA;MASC;BRA;VENDEDOR AUTONOMO;EFC;ARMA_F;fev;SEM2;sáb;ADU;NOT;Norte
PAJUÇARA;MASC;NEG;NI_PROF;NI_ESC;ARMA_F;nov;SEM4;dom;ADU;VES;Norte
PAJUÇARA;MASC;PAR;NI_PROF;NI_ESC;ARMA_F;mai;SEM2;dom;ADU;VES;Norte
PLANALTO;FEM;NEG;DO LAR;EFC;ARMA_F;jul;SEM2;qua;ADU;MAD;Oeste
PLANALTO;MASC;PAR;FRENTISTA;EMC;ARMA_F;mai;SEM1;sáb;ADU;NI_TUR;Oeste
PLANALTO;MASC;PAR;AUXILIAR DE ELETRICISTA;EMC;ARMA_F;abr;SEM1;sex;ADU;VES;Oeste
PLANALTO;MASC;NEG;PROCURADOR DE JUSTICA;SUP;ARMA_F;mai;SEM5;ter;ADU;NOT;Oeste
PONTA NEGRA;MASC;PAR;NI_PROF;NI_ESC;ARMA_F;nov;SEM5;qua;ADU;MAD;Sul
POTENGI;MASC;NEG;NI_PROF;NI_ESC;ARMA_B;jun;SEM1;ter;ADU;NI_TUR;Norte
POTENGI;MASC;NEG;DESOCUPADO(A);NI_ESC;ARMA_F;set;SEM4;dom;ADU;NOT;Norte
QUINTAS;MASC;PAR;SERVENTE DE OBRAS;EFC;ARMA_F;jul;SEM4;sex;ADU;NI_TUR;Oeste
REDINHA;MASC;BRA;NI_PROF;NI_ESC;ARMA_F;nov;SEM2;seg;ADU;NOT;Norte
ROCAS;MASC;NEG;COMERCIANTE;EMC;ARMA_F;ago;SEM5;seg;ADU;NOT;Leste
ROCAS;MASC;PAR;NI_PROF;NI_ESC;ARMA_F;fev;SEM2;qua;ADU;NI_TUR;Leste
ROCAS;MASC;PAR;PESCADOR;NI_ESC;ARMA_F;jul;SEM1;sex;ADU;NOT;Leste
SANTOS REIS;MASC;NEG;DESEMPREGADO;NI_ESC;ARMA_F;out;SEM3;dom;ADU;VES;Leste
TIROL;MASC;NEG;SERVENTE DE OBRAS;EFC;ARMA_F;mai;SEM4;sáb;ADU;NOT;Leste
CIDADE DA ESPERANÇA;MASC;PAR;ESTUDANTE C;EMC;ARMA_F;fev;SEM4;dom;ADU;NOT;Oeste
DIX-SEPT ROSADO;MASC;PAR;VIGILANTE;EMC;ARMA_F;fev;SEM5;dom;ADU;NOT;Oeste
FELIPE CAMARÃO;MASC;NEG;SERVENTE DE OBRAS;EFC;ARMA_F;mai;SEM4;sáb;ADU;NOT;Oeste
FELIPE CAMARÃO;MASC;BRA;VENDEDOR AUTONOMO;EFC;ARMA_F;mar;SEM2;sáb;ADU;VES;Oeste
FELIPE CAMARÃO;MASC;BRA;NI_PROF;NI_ESC;ARMA_F;abr;SEM2;dom;ADU;NOT;Oeste
GUARAPES;MASC;NEG;VENDEDOR AUTONOMO;EFC;ARMA_F;set;SEM3;dom;ADU;NOT;Oeste
IGAPÓ;MASC;NEG;PEDREIRO;EFC;ARMA_F;mar;SEM2;sáb;ADU;VES;Norte
IGAPÓ;MASC;NEG;VENDEDOR AUTONOMO;EFC;ARMA_F;jul;SEM1;qui;ADU;VES;Norte
LAGOA AZUL;MASC;NEG;SERVENTE DE OBRAS;EFC;ARMA_F;abr;SEM4;dom;ADU;VES;Norte
LAGOA AZUL;MASC;NEG;AUXILIAR DE PINTOR;EFC;ARMA_F;ago;SEM4;ter;ADU;NOT;Norte
LAGOA AZUL;MASC;PAR;ESTUDANTE C;EMC;ARMA_F;set;SEM2;dom;ADU;NOT;Norte
LAGOA AZUL;MASC;NEG;VIGILANTE;EMC;ARMA_F;abr;SEM4;sáb;ADU;NI_TUR;Norte
LAGOA AZUL;MASC;PAR;NI_PROF;NI_ESC;ARMA_F;out;SEM5;seg;ADU;NOT;Norte
LAGOA AZUL;MASC;PAR;NI_PROF;NI_ESC;ARMA_F;jun;SEM3;ter;ADU;MAD;Norte
LAGOA NOVA;MASC;PAR;DESOCUPADO(A);NI_ESC;ARMA_F;mar;SEM4;qui;ADU;NOT;Sul
MÃE LUÍZA;MASC;PAR;ENTREGADOR DE GAS;EFC;ARMA_B;nov;SEM5;qua;ADU;NOT;Leste
NI_BAIRRO;MASC;NEG;AGRICULTOR(A);EFC;ARMA_B;mai;SEM5;seg;ADU;NOT;NI_ZONA
NOSSA SRA DA APRESENTAÇÃO;MASC;PAR;CARROCEIRO;EFC;ARMA_F;set;SEM3;dom;ADU;VES;Norte
NOSSA SRA DA APRESENTAÇÃO;MASC;NEG;SERVENTE DE OBRAS;EFC;ARMA_F;jan;SEM2;ter;ADU;NOT;Norte
NOSSA SRA DA APRESENTAÇÃO;MASC;PAR;SERVENTE DE OBRAS;EFC;ARMA_F;mar;SEM5;sex;ADU;NOT;Norte
NOSSA SRA DA APRESENTAÇÃO;MASC;PAR;NI_PROF;NI_ESC;ARMA_F;dez;SEM5;seg;ADU;VES;Norte
PAJUÇARA;MASC;NEG;GESSEIRO;EFC;ARMA_F;ago;SEM4;seg;ADU;VES;Norte
PAJUÇARA;MASC;BRA;NI_PROF;NI_ESC;NI_INS;jun;SEM3;qui;ADU;VES;Norte
PLANALTO;FEM;PAR;DO LAR;EFC;ARMA_F;mai;SEM1;sáb;ADU;NI_TUR;Oeste
PLANALTO;MASC;PAR;ASG;EFC;ARMA_B;abr;SEM2;seg;ADU;NOT;Oeste
PONTA NEGRA;MASC;PAR;NI_PROF;NI_ESC;ARMA_F;jun;SEM5;seg;ADU;VES;Sul
POTENGI;FEM;PAR;ESTUDANTE C;EMC;ARMA_F;jul;SEM3;ter;ADU;NOT;Norte
POTENGI;MASC;PAR;NI_PROF;NI_ESC;ARMA_B;nov;SEM4;qua;ADU;NOT;Norte
POTENGI;MASC;NEG;DESEMPREGADO;NI_ESC;ARMA_F;jul;SEM4;sáb;ADU;NOT;Norte
POTENGI;MASC;PAR;NI_PROF;NI_ESC;ARMA_F;dez;SEM3;sáb;ADU;VES;Norte
QUINTAS;MASC;PAR;NI_PROF;NI_ESC;ARMA_B;dez;SEM4;dom;ADU;NOT;Oeste
REDINHA;MASC;NEG;PESCADOR;NI_ESC;ARMA_F;mar;SEM2;dom;ADU;NI_TUR;Norte
ALECRIM;MASC;BRA;NI_PROF;NI_ESC;ARMA_F;out;SEM5;qui;ADU;VES;Leste
BOM PASTOR;MASC;NEG;NI_PROF;NI_ESC;ARMA_F;dez;SEM2;qua;ADU;VES;Oeste
CIDADE ALTA;MASC;NEG;MOTOTAXISTA;EMC;ARMA_F;mai;SEM4;qui;ADU;NI_TUR;Leste
CIDADE NOVA;MASC;PAR;SOLDADOR;EFC;ARMA_B;abr;SEM4;sáb;ADU;NOT;Oeste
FELIPE CAMARÃO;MASC;BRA;ASG;EFC;ARMA_F;abr;SEM1;sex;ADU;VES;Oeste
FELIPE CAMARÃO;MASC;NEG;NI_PROF;NI_ESC;ARMA_F;out;SEM5;seg;ADU;MAD;Oeste
GUARAPES;MASC;NEG;COZINHEIRO(A);EMC;ARMA_F;jul;SEM1;sáb;ADU;VES;Oeste
IGAPÓ;MASC;PAR;OPERADOR DE MAQUINA;EMC;ARMA_B;abr;SEM4;dom;ADU;VES;Norte
LAGOA AZUL;MASC;PAR;BISCATEIRO;EFC;ARMA_B;mar;SEM3;dom;ADU;NOT;Norte
LAGOA AZUL;MASC;BRA;SERVENTE DE OBRAS;EFC;ARMA_F;jan;SEM1;sex;ADU;NOT;Norte
LAGOA AZUL;MASC;PAR;NI_PROF;NI_ESC;ARMA_F;out;SEM3;qua;ADU;VES;Norte
LAGOA AZUL;MASC;NEG;NI_PROF;NI_ESC;ARMA_F;jun;SEM1;sáb;ADU;MAT;Norte
NORDESTE;MASC;BRA;NI_PROF;NI_ESC;ARMA_F;out;SEM5;qua;ADU;NOT;Oeste
NOSSA SENHORA DE NAZARÉ;FEM;PAR;VENDEDOR AUTONOMO;EFC;ARMA_F;jan;SEM3;qui;ADU;NOT;Oeste
NOSSA SRA DA APRESENTAÇÃO;FEM;PAR;DO LAR;EFC;ARMA_F;mar;SEM2;dom;ADU;NOT;Norte
NOSSA SRA DA APRESENTAÇÃO;MASC;BRA;ENCARREGADO;EFC;ARMA_F;fev;SEM3;ter;ADU;MAT;Norte
NOSSA SRA DA APRESENTAÇÃO;FEM;NEG;VENDEDOR DE LOJA;EMC;ARMA_F;jan;SEM3;ter;ADU;VES;Norte
NOVA DESCOBERTA;MASC;NEG;SERVENTE DE OBRAS;EFC;ARMA_F;jul;SEM3;sex;ADU;VES;Sul
PAJUÇARA;MASC;PAR;DESOCUPADO(A);NI_ESC;ARMA_F;abr;SEM3;dom;ADU;VES;Norte
PLANALTO;MASC;NEG;NI_PROF;NI_ESC;ARMA_F;nov;SEM4;qui;ADU;VES;Oeste
PLANALTO;MASC;PAR;DESEMPREGADO;NI_ESC;ARMA_F;jul;SEM3;seg;ADU;NOT;Oeste
POTENGI;MASC;PAR;ASG;EFC;ARMA_F;jul;SEM3;sáb;ADU;MAT;Norte
POTENGI;MASC;NEG;VENDEDOR AUTONOMO;EFC;ARMA_F;ago;SEM3;seg;ADU;VES;Norte
POTENGI;MASC;NEG;AUXILIAR DE PIZZAIOLO;EMC;ARMA_F;jul;SEM4;qui;ADU;NOT;Norte
POTENGI;MASC;PAR;NI_PROF;NI_ESC;ARMA_F;out;SEM4;ter;ADU;NI_TUR;Norte
ALECRIM;MASC;NEG;NI_PROF;NI_ESC;ARMA_F;abr;SEM2;qua;ADU;NOT;Leste
ALECRIM;MASC;PAR;DESOCUPADO(A);NI_ESC;ARMA_F;fev;SEM3;dom;ADU;MAD;Leste
BOM PASTOR;MASC;PAR;NI_PROF;NI_ESC;ARMA_F;dez;SEM2;sex;ADU;VES;Oeste
CIDADE DA ESPERANÇA;MASC;NEG;NI_PROF;NI_ESC;ARMA_F;jun;SEM3;seg;ADU;NOT;Oeste
FELIPE CAMARÃO;MASC;NEG;ENCANADOR;EMC;ARMA_F;set;SEM4;ter;ADU;NOT;Oeste
FELIPE CAMARÃO;MASC;NEG;DESEMPREGADO;NI_ESC;ARMA_F;fev;SEM2;sáb;ADU;VES;Oeste
IGAPÓ;FEM;NEG;DO LAR;EFC;ARMA_F;jul;SEM3;ter;ADU;VES;Norte
IGAPÓ;MASC;PAR;NI_PROF;NI_ESC;ARMA_F;nov;SEM3;dom;ADU;MAT;Norte
IGAPÓ;MASC;PAR;NI_PROF;NI_ESC;ARMA_F;abr;SEM2;ter;ADU;NI_TUR;Norte
NEÓPOLIS;MASC;BRA;MOTOTAXISTA;EMC;ARMA_F;abr;SEM4;ter;ADU;MAT;Sul
NI_BAIRRO;MASC;NEG;SERVENTE DE OBRAS;EFC;ARMA_F;ago;SEM4;qui;ADU;NOT;NI_ZONA
NI_BAIRRO;MASC;PAR;NI_PROF;NI_ESC;ARMA_F;fev;SEM4;dom;ADU;MAD;NI_ZONA
NOSSA SRA DA APRESENTAÇÃO;MASC;PAR;ELETRICISTA;EMC;ARMA_F;ago;SEM1;sáb;ADU;NOT;Norte
NOSSA SRA DA APRESENTAÇÃO;MASC;NEG;GARCOM;EMC;ARMA_F;jul;SEM1;sáb;ADU;MAT;Norte
NOSSA SRA DA APRESENTAÇÃO;MASC;PAR;NI_PROF;NI_ESC;ARMA_F;out;SEM5;dom;ADU;NI_TUR;Norte
NOSSA SRA DA APRESENTAÇÃO;MASC;PAR;NI_PROF;NI_ESC;ARMA_F;nov;SEM3;ter;ADU;NOT;Norte
PAJUÇARA;MASC;NEG;SERVENTE DE OBRAS;EFC;ARMA_F;fev;SEM2;ter;ADU;NOT;Norte
PITIMBU;MASC;BRA;DESEMPREGADO;NI_ESC;ARMA_F;fev;SEM3;qui;ADU;NOT;Sul
PITIMBU;MASC;BRA;PROFESSOR DE LUTAS MARCIAIS;SUP;ARMA_F;fev;SEM3;seg;ADU;NOT;Sul
PLANALTO;MASC;BRA;SERVENTE DE OBRAS;EFC;ARMA_F;mar;SEM3;qua;ADU;NOT;Oeste
PLANALTO;MASC;PAR;CARROCEIRO;EFC;ARMA_F;out;SEM1;sáb;ADU;VES;Oeste
POTENGI;MASC;PAR;ASG;EFC;ARMA_F;ago;SEM2;seg;ADU;VES;Norte
POTENGI;MASC;BRA;ELETRICISTA;EMC;ARMA_F;mar;SEM3;qua;ADU;NOT;Norte
POTENGI;MASC;NEG;NI_PROF;NI_ESC;ARMA_F;jun;SEM4;seg;ADU;NOT;Norte
POTENGI;MASC;NEG;NI_PROF;NI_ESC;ARMA_F;mai;SEM4;qua;ADU;NI_TUR;Norte
ALECRIM;MASC;PAR;DESOCUPADO(A);NI_ESC;ARMA_F;set;SEM2;ter;ADU;NI_TUR;Leste
BOM PASTOR;MASC;BRA;NI_PROF;NI_ESC;ARMA_F;fev;SEM3;sáb;ADU;VES;Oeste
FELIPE CAMARÃO;MASC;NEG;NI_PROF;NI_ESC;ARMA_F;jun;SEM3;ter;ADU;NOT;Oeste
IGAPÓ;MASC;PAR;NI_PROF;NI_ESC;ARMA_F;dez;SEM5;ter;ADU;NOT;Norte
IGAPÓ;FEM;BRA;NI_PROF;NI_ESC;ARMA_F;out;SEM5;seg;ADU;VES;Norte
LAGOA AZUL;MASC;PAR;PEDREIRO;EFC;ARMA_F;mai;SEM2;ter;ADU;VES;Norte
NOSSA SENHORA DE NAZARÉ;MASC;BRA;DESEMPREGADO;NI_ESC;ARMA_F;mar;SEM4;sáb;ADU;NI_TUR;Oeste
NOVA DESCOBERTA;MASC;PAR;TECNICO EM INSTALACAO;EMC;ARMA_F;mai;SEM1;qui;ADU;NI_TUR;Sul
NOVA DESCOBERTA;MASC;NEG;DESEMPREGADO;NI_ESC;ARMA_F;jul;SEM1;qui;ADU;NOT;Sul
NOVA DESCOBERTA;MASC;PAR;NI_PROF;NI_ESC;ARMA_F;out;SEM4;dom;ADU;MAT;Sul
PLANALTO;MASC;NEG;SERVENTE DE OBRAS;EFC;ARMA_F;jan;SEM5;qua;ADU;VES;Oeste
PLANALTO;MASC;PAR;MECANICO(A);EMC;ARMA_F;fev;SEM4;dom;ADU;NOT;Oeste
PLANALTO;MASC;PAR;NI_PROF;NI_ESC;ARMA_F;dez;SEM3;dom;ADU;VES;Oeste
PLANALTO;MASC;NEG;NI_PROF;NI_ESC;ARMA_F;jun;SEM3;seg;ADU;NOT;Oeste
PLANALTO;MASC;NEG;NI_PROF;NI_ESC;ARMA_F;nov;SEM4;qui;ADU;NOT;Oeste
QUINTAS;MASC;PAR;DESEMPREGADO;NI_ESC;ARMA_F;mai;SEM1;qui;ADU;NI_TUR;Oeste
BOM PASTOR;MASC;NEG;MARCENEIRO;EMC;ARMA_F;jul;SEM1;sáb;ADU;NOT;Oeste
BOM PASTOR;MASC;PAR;NI_PROF;NI_ESC;ARMA_F;dez;SEM2;dom;ADU;NOT;Oeste
CIDADE ALTA;MASC;PAR;DESOCUPADO(A);NI_ESC;ARMA_F;out;SEM3;sáb;ADU;NOT;Leste
CIDADE NOVA;MASC;PAR;DESOCUPADO(A);NI_ESC;ARMA_B;fev;SEM4;sáb;ADU;VES;Oeste
FELIPE CAMARÃO;MASC;NEG;VENDEDOR AUTONOMO;EFC;ARMA_B;jan;SEM1;qua;ADU;VES;Oeste
FELIPE CAMARÃO;MASC;NEG;ARTESAO;SUP;ARMA_F;jul;SEM1;qui;ADU;VES;Oeste
GUARAPES;MASC;NEG;NI_PROF;NI_ESC;ARMA_F;jun;SEM4;ter;ADU;NOT;Oeste
IGAPÓ;MASC;NEG;ASG;EFC;ARMA_F;out;SEM4;sáb;ADU;NOT;Norte
IGAPÓ;MASC;NEG;GESSEIRO;EFC;ARMA_F;mar;SEM2;sex;ADU;NI_TUR;Norte
IGAPÓ;MASC;BRA;ESTUDANTE D;SUP;ARMA_F;mar;SEM2;sáb;ADU;NOT;Norte
LAGOA AZUL;MASC;NEG;GARCOM;EMC;ARMA_F;jul;SEM3;seg;ADU;NOT;Norte
LAGOA NOVA;MASC;NEG;DESOCUPADO(A);NI_ESC;ARMA_B;ago;SEM5;sáb;ADU;NOT;Sul
NEÓPOLIS;MASC;NEG;DETENTO;NI_ESC;AMP;jan;SEM2;sex;ADU;VES;Sul
NOSSA SENHORA DE NAZARÉ;MASC;PAR;NI_PROF;NI_ESC;ARMA_F;out;SEM3;seg;ADU;VES;Oeste
NOSSA SENHORA DE NAZARÉ;MASC;NEG;NI_PROF;NI_ESC;ARMA_F;jul;SEM1;sáb;ADU;MAT;Oeste
NOSSA SRA DA APRESENTAÇÃO;MASC;NEG;VENDEDOR AUTONOMO;EFC;ARMA_F;ago;SEM5;qua;ADU;VES;Norte
NOSSA SRA DA APRESENTAÇÃO;FEM;PAR;VENDEDOR AUTONOMO;EFC;ARMA_F;set;SEM3;qua;ADU;VES;Norte
NOSSA SRA DA APRESENTAÇÃO;MASC;PAR;NI_PROF;NI_ESC;ESPANC;nov;SEM5;ter;ADU;VES;Norte
NOVA DESCOBERTA;MASC;BRA;COPEIRO;EMC;ARMA_F;fev;SEM4;dom;ADU;NOT;Sul
PLANALTO;MASC;BRA;VENDEDOR DE LOJA;EMC;ARMA_F;mar;SEM1;sáb;ADU;NOT;Oeste
PRAIA DO MEIO;MASC;PAR;FLANELINHA;EFC;ARMA_F;nov;SEM5;qua;ADU;VES;Leste
PRAIA DO MEIO;FEM;PAR;NI_PROF;NI_ESC;AMP;dez;SEM4;qua;ADU;NOT;Leste
QUINTAS;MASC;PAR;AGRICULTOR(A);EFC;ARMA_F;jan;SEM5;dom;ADU;VES;Oeste
REDINHA;MASC;BRA;VENDEDOR AUTONOMO;EFC;ARMA_F;abr;SEM4;qua;ADU;NOT;Norte
FELIPE CAMARÃO;MASC;PAR;NI_PROF;NI_ESC;ARMA_F;nov;SEM3;seg;ADU;NOT;Oeste
GUARAPES;MASC;PAR;NI_PROF;NI_ESC;ARMA_F;dez;SEM3;sáb;ADU;NI_TUR;Oeste
IGAPÓ;MASC;PAR;NI_PROF;NI_ESC;ARMA_F;dez;SEM4;seg;ADU;NI_TUR;Norte
LAGOA AZUL;MASC;PAR;DESEMPREGADO;NI_ESC;ARMA_F;abr;SEM3;qua;ADU;NI_TUR;Norte
LAGOA AZUL;FEM;PAR;NI_PROF;NI_ESC;ARMA_F;jun;SEM5;dom;ADU;VES;Norte
LAGOA NOVA;MASC;NEG;FLANELINHA;EFC;ARMA_B;out;SEM2;ter;ADU;NOT;Sul
LAGOA NOVA;MASC;PAR;ESTUDANTE D;SUP;ARMA_F;mai;SEM5;qui;ADU;MAD;Sul
MÃE LUÍZA;MASC;NEG;NI_PROF;NI_ESC;ARMA_F;abr;SEM2;sáb;ADU;VES;Leste
NI_BAIRRO;MASC;PAR;NI_PROF;NI_ESC;ARMA_B;out;SEM5;ter;ADU;MAT;NI_ZONA
NOSSA SRA DA APRESENTAÇÃO;MASC;BRA;MECANICO(A);EMC;ARMA_F;jan;SEM1;sex;ADU;VES;Norte
QUINTAS;MASC;NEG;DESEMPREGADO;NI_ESC;ARMA_F;jan;SEM3;qui;ADU;NOT;Oeste
REDINHA;MASC;BRA;NI_PROF;NI_ESC;ARMA_F;nov;SEM2;ter;ADU;VES;Norte
CIDADE NOVA;FEM;PAR;NI_PROF;NI_ESC;NI_INS;out;SEM5;seg;ADU;NI_TUR;Oeste
FELIPE CAMARÃO;MASC;PAR;ACOUGUEIRO(A);EFC;ARMA_F;fev;SEM1;sáb;ADU;NOT;Oeste
LAGOA AZUL;MASC;BRA;ELETRICISTA;EMC;ARMA_F;fev;SEM5;seg;ADU;VES;Norte
LAGOA AZUL;MASC;PAR;NI_PROF;NI_ESC;ARMA_F;nov;SEM4;sex;ADU;NOT;Norte
MÃE LUÍZA;MASC;NEG;BISCATEIRO;EFC;ARMA_F;jul;SEM5;dom;ADU;VES;Leste
NEÓPOLIS;MASC;NEG;DESOCUPADO(A);NI_ESC;ARMA_F;jul;SEM5;ter;ADU;VES;Sul
NI_BAIRRO;MASC;PAR;NI_PROF;NI_ESC;ARMA_F;nov;SEM4;ter;ADU;NOT;NI_ZONA
NORDESTE;MASC;NEG;ESTUDANTE D;SUP;ARMA_F;jul;SEM5;seg;ADU;VES;Oeste
NOVA DESCOBERTA;MASC;NEG;CASEIRO;EFC;ARMA_F;abr;SEM4;dom;ADU;NOT;Sul
PAJUÇARA;MASC;PAR;NI_PROF;NI_ESC;ARMA_F;fev;SEM5;dom;ADU;NOT;Norte
PLANALTO;MASC;PAR;SERVENTE DE OBRAS;EFC;ARMA_B;nov;SEM2;sáb;ADU;NOT;Oeste
PLANALTO;MASC;PAR;SOLDADOR;EFC;ARMA_F;out;SEM4;seg;ADU;MAT;Oeste
PONTA NEGRA;MASC;PAR;NI_PROF;NI_ESC;ARMA_F;jun;SEM3;sáb;ADU;NOT;Sul
POTENGI;MASC;PAR;VENDEDOR AUTONOMO;EFC;ARMA_F;mar;SEM3;qua;ADU;NI_TUR;Norte
POTENGI;MASC;BRA;EX DETENTO TRABALHADOR;NI_ESC;ARMA_F;jan;SEM4;qua;ADU;VES;Norte
POTENGI;MASC;NEG;DESEMPREGADO;NI_ESC;ARMA_F;jan;SEM3;ter;ADU;NOT;Norte
QUINTAS;FEM;PAR;DO LAR;EFC;ARMA_F;set;SEM2;dom;ADU;MAD;Oeste
QUINTAS;MASC;NEG;DESEMPREGADO;NI_ESC;ARMA_F;ago;SEM4;seg;ADU;NOT;Oeste
TIROL;MASC;BRA;VIGILANTE;EMC;ARMA_F;jan;SEM4;dom;ADU;VES;Leste
BOM PASTOR;MASC;PAR;PEDREIRO;EFC;ARMA_F;fev;SEM4;sex;ADU;VES;Oeste
GUARAPES;MASC;BRA;PEDREIRO;EFC;ARMA_F;fev;SEM4;dom;ADU;VES;Oeste
LAGOA AZUL;FEM;BRA;DESOCUPADO(A);NI_ESC;ARMA_F;dez;SEM1;ter;ADU;NOT;Norte
MÃE LUÍZA;MASC;PAR;NI_PROF;NI_ESC;ARMA_F;out;SEM5;seg;ADU;NI_TUR;Leste
MÃE LUÍZA;MASC;NEG;NI_PROF;NI_ESC;ARMA_F;nov;SEM6;dom;ADU;VES;Leste
NOSSA SRA DA APRESENTAÇÃO;MASC;BRA;NI_PROF;NI_ESC;ARMA_F;nov;SEM4;seg;ADU;NOT;Norte
PONTA NEGRA;MASC;BRA;CORRETOR DE AUTOMOVEIS;EMC;ARMA_F;jan;SEM4;seg;ADU;VES;Sul
POTENGI;MASC;NEG;AUXILIAR DE ALMOXARIFADO DE OBRAS;EMC;ARMA_F;mai;SEM5;dom;ADU;NI_TUR;Norte
PRAIA DO MEIO;MASC;PAR;FLANELINHA;EFC;ARMA_F;out;SEM3;sáb;ADU;NOT;Leste
AREIA PRETA;MASC;NEG;DECORADOR;SUP;ARMA_F;jan;SEM2;sáb;ADU;NOT;Leste
GUARAPES;MASC;NEG;NI_PROF;NI_ESC;ARMA_F;jun;SEM4;dom;ADU;VES;Oeste
IGAPÓ;MASC;PAR;NI_PROF;NI_ESC;ARMA_F;nov;SEM1;sáb;ADU;VES;Norte
LAGOA NOVA;MASC;BRA;COMERCIANTE;EMC;ARMA_F;abr;SEM3;seg;ADU;NOT;Sul
LAGOA NOVA;MASC;NEG;MECANICO(A);EMC;ARMA_F;jan;SEM3;qua;ADU;MAT;Sul
NOSSA SRA DA APRESENTAÇÃO;MASC;PAR;CABELEIREIRO(A);EFC;ARMA_F;dez;SEM1;qui;ADU;NOT;Norte
NOSSA SRA DA APRESENTAÇÃO;MASC;PAR;SERVENTE DE OBRAS;EFC;ARMA_F;mar;SEM4;qua;ADU;NOT;Norte
PITIMBU;FEM;PAR;ESTUDANTE D;SUP;ARMA_F;jan;SEM4;sex;ADU;VES;Sul
PONTA NEGRA;MASC;NEG;NI_PROF;NI_ESC;ARMA_F;fev;SEM2;ter;ADU;NOT;Sul
PONTA NEGRA;MASC;NEG;DESOCUPADO(A);NI_ESC;ARMA_F;jul;SEM3;qui;ADU;NI_TUR;Sul
POTENGI;MASC;BRA;DESOCUPADO(A);NI_ESC;ARMA_F;jan;SEM4;dom;ADU;NOT;Norte
QUINTAS;MASC;NEG;VENDEDOR AUTONOMO;EFC;ARMA_B;jan;SEM2;sáb;ADU;NOT;Oeste
QUINTAS;MASC;NEG;NI_PROF;NI_ESC;ARMA_F;jun;SEM4;seg;ADU;NOT;Oeste
ROCAS;MASC;NEG;VENDEDOR AMBULANTE;NI_ESC;ARMA_F;mai;SEM5;seg;ADU;NI_TUR;Leste
BOM PASTOR;MASC;NEG;NI_PROF;NI_ESC;ARMA_F;jun;SEM3;dom;ADU;NOT;Oeste
CIDADE DA ESPERANÇA;FEM;BRA;DO LAR;EFC;ARMA_F;jan;SEM1;qua;ADU;NI_TUR;Oeste
CIDADE NOVA;FEM;BRA;COBRADOR(A) EM COLETIVOS;EMC;ARMA_B;dez;SEM3;qua;ADU;MAT;Oeste
DIX-SEPT ROSADO;MASC;PAR;DESOCUPADO(A);NI_ESC;ARMA_F;out;SEM3;sex;ADU;NOT;Oeste
FELIPE CAMARÃO;MASC;BRA;SERVENTE DE OBRAS;EFC;ARMA_F;mar;SEM1;sáb;ADU;NOT;Oeste
FELIPE CAMARÃO;MASC;NEG;ASG;EFC;ARMA_F;jul;SEM3;qui;ADU;NI_TUR;Oeste
FELIPE CAMARÃO;MASC;BRA;PINTOR;EFC;ARMA_F;mai;SEM2;qua;ADU;NOT;Oeste
LAGOA AZUL;MASC;PAR;NI_PROF;NI_ESC;ARMA_F;nov;SEM3;dom;ADU;NOT;Norte
MÃE LUÍZA;MASC;NEG;MOTORISTA;EMC;ARMA_F;ago;SEM4;dom;ADU;MAD;Leste
NOSSA SRA DA APRESENTAÇÃO;FEM;PAR;DO LAR;EFC;ARMA_F;mar;SEM4;qua;ADU;NI_TUR;Norte
NOSSA SRA DA APRESENTAÇÃO;FEM;NEG;COMERCIANTE;EMC;ARMA_F;jan;SEM2;qui;ADU;NOT;Norte
NOSSA SRA DA APRESENTAÇÃO;MASC;PAR;DESOCUPADO(A);NI_ESC;ARMA_F;set;SEM2;sáb;ADU;NOT;Norte
POTENGI;MASC;NEG;AUXILIAR DE MECANICO;EFC;ARMA_F;jul;SEM3;dom;ADU;VES;Norte
PRAIA DO MEIO;FEM;BRA;ACOMPANHANTE INTIMO;NI_ESC;ARMA_F;set;SEM2;ter;ADU;VES;Leste
REDINHA;MASC;PAR;GARCOM;EMC;ARMA_F;mar;SEM3;ter;ADU;NI_TUR;Norte
ROCAS;MASC;NEG;NI_PROF;NI_ESC;ARMA_F;jun;SEM4;sáb;ADU;VES;Leste
ROCAS;MASC;NEG;DESEMPREGADO;NI_ESC;ARMA_F;mai;SEM5;sáb;ADU;VES;Leste
BOM PASTOR;MASC;PAR;FEIRANTE;NI_ESC;ARMA_B;mar;SEM2;dom;ADU;NI_TUR;Oeste
LAGOA AZUL;MASC;PAR;NI_PROF;NI_ESC;ARMA_F;nov;SEM5;qua;ADU;NOT;Norte
LAGOA NOVA;MASC;PAR;NI_PROF;NI_ESC;ARMA_F;jul;SEM1;qui;ADU;NOT;Sul
NOSSA SRA DA APRESENTAÇÃO;MASC;NEG;NI_PROF;NI_ESC;ARMA_F;ago;SEM3;dom;ADU;NOT;Norte
PAJUÇARA;MASC;PAR;EMBALADOR;EMC;ARMA_F;fev;SEM4;seg;ADU;NOT;Norte
PITIMBU;FEM;PAR;CABELEIREIRO(A);EFC;ARMA_B;set;SEM1;sáb;ADU;VES;Sul
PLANALTO;MASC;NEG;AGRICULTOR(A);EFC;ARMA_F;mar;SEM3;seg;ADU;VES;Oeste
PLANALTO;MASC;NEG;VIDRACEIRO;EMC;ARMA_B;jul;SEM3;seg;ADU;NOT;Oeste
PLANALTO;MASC;PAR;COMERCIANTE;EMC;ARMA_F;out;SEM4;dom;ADU;NOT;Oeste
PLANALTO;MASC;PAR;NI_PROF;NI_ESC;ARMA_F;nov;SEM4;sex;ADU;NOT;Oeste
BOM PASTOR;MASC;BRA;DESEMPREGADO;NI_ESC;ARMA_F;mar;SEM5;dom;ADU;NOT;Oeste
DIX-SEPT ROSADO;MASC;PAR;NI_PROF;NI_ESC;ARMA_F;nov;SEM4;qui;ADU;VES;Oeste
FELIPE CAMARÃO;MASC;NEG;ASG;EFC;ESPANC;mar;SEM5;sáb;ADU;NI_TUR;Oeste
FELIPE CAMARÃO;MASC;BRA;MECANICO(A);EMC;ARMA_F;jan;SEM1;qua;ADU;NOT;Oeste
FELIPE CAMARÃO;MASC;PAR;EX DETENTO DESOCUPADO;NI_ESC;ARMA_F;out;SEM4;qui;ADU;NOT;Oeste
NOSSA SENHORA DE NAZARÉ;MASC;BRA;VENDEDOR AUTONOMO;EFC;ARMA_F;mar;SEM4;dom;ADU;VES;Oeste
NOSSA SRA DA APRESENTAÇÃO;MASC;BRA;RECICLADOR;NI_ESC;ARMA_F;abr;SEM2;sáb;ADU;MAD;Norte
NOSSA SRA DA APRESENTAÇÃO;MASC;BRA;DESEMPREGADO;NI_ESC;ARMA_F;abr;SEM4;dom;ADU;NOT;Norte
PETRÓPOLIS;MASC;BRA;COZINHEIRO(A);EMC;ARMA_F;mar;SEM3;dom;ADU;NOT;Leste
PLANALTO;MASC;PAR;VENDEDOR AUTONOMO;EFC;ARMA_F;jul;SEM5;seg;ADU;VES;Oeste
POTENGI;MASC;NEG;SERVENTE DE OBRAS;EFC;ARMA_F;jan;SEM3;dom;ADU;MAT;Norte
QUINTAS;MASC;PAR;DO LAR;EFC;ARMA_B;dez;SEM2;dom;ADU;VES;Oeste
ROCAS;MASC;BRA;COMERCIANTE;EMC;ARMA_F;mai;SEM5;ter;ADU;VES;Leste
BOM PASTOR;MASC;PAR;NI_PROF;NI_ESC;ARMA_F;dez;SEM2;dom;ADU;VES;Oeste
FELIPE CAMARÃO;MASC;BRA;PINTOR;EFC;ARMA_F;abr;SEM1;sáb;ADU;VES;Oeste
PITIMBU;MASC;BRA;VIGILANTE;EMC;ARMA_F;mar;SEM4;ter;ADU;NOT;Sul
PLANALTO;MASC;PAR;ELETRICISTA;EMC;ARMA_F;jul;SEM1;sex;ADU;VES;Oeste
PONTA NEGRA;MASC;PAR;PINTOR;EFC;ARMA_F;out;SEM1;sex;ADU;NOT;Sul
POTENGI;MASC;BRA;PINTOR;EFC;ARMA_F;jun;SEM1;seg;ADU;NOT;Norte
ROCAS;MASC;BRA;COMERCIANTE;EMC;ARMA_F;jan;SEM4;ter;ADU;VES;Leste
ALECRIM;MASC;NEG;GARCOM;EMC;ARMA_F;jul;SEM1;sex;ADU;NI_TUR;Leste
CIDADE ALTA;MASC;NEG;NI_PROF;NI_ESC;ARMA_F;jul;SEM3;sex;ADU;NOT;Leste
IGAPÓ;MASC;PAR;DESOCUPADO(A);NI_ESC;ARMA_F;jan;SEM1;qua;ADU;NOT;Norte
MÃE LUÍZA;FEM;PAR;AGRICULTOR(A);EFC;ARMA_F;jul;SEM4;ter;ADU;NI_TUR;Leste
PETRÓPOLIS;FEM;PAR;COMERCIANTE;EMC;ARMA_F;jul;SEM2;sáb;ADU;VES;Leste
POTENGI;MASC;PAR;NI_PROF;NI_ESC;ARMA_F;nov;SEM4;sex;ADU;NOT;Norte
RIBEIRA;MASC;PAR;DESEMPREGADO;NI_ESC;ARMA_B;abr;SEM5;seg;ADU;VES;Leste
TIROL;MASC;PAR;NI_PROF;NI_ESC;ARMA_F;dez;SEM3;sáb;ADU;NOT;Leste
BOM PASTOR;MASC;NEG;COMERCIANTE;EMC;ARMA_F;jan;SEM4;dom;ADU;NOT;Oeste
DIX-SEPT ROSADO;MASC;PAR;NI_PROF;NI_ESC;ARMA_F;jun;SEM4;dom;ADU;VES;Oeste
LAGOA AZUL;MASC;NEG;NI_PROF;NI_ESC;ARMA_B;nov;SEM5;sáb;ADU;NOT;Norte
POTENGI;MASC;PAR;VENDEDOR AMBULANTE;NI_ESC;ARMA_F;abr;SEM3;sáb;ADU;NOT;Norte
QUINTAS;MASC;BRA;DESEMPREGADO;NI_ESC;ARMA_B;fev;SEM2;seg;ADU;NOT;Oeste
ALECRIM;MASC;PAR;NI_PROF;NI_ESC;ARMA_F;out;SEM2;dom;ADU;MAD;Leste
GUARAPES;MASC;PAR;NI_PROF;NI_ESC;ARMA_B;jun;SEM5;seg;ADU;VES;Oeste
NI_BAIRRO;MASC;PAR;NI_PROF;NI_ESC;ARMA_B;out;SEM3;sáb;ADU;NI_TUR;NI_ZONA
NI_BAIRRO;MASC;PAR;NI_PROF;NI_ESC;ARMA_F;nov;SEM4;sex;ADU;MAD;NI_ZONA
NOSSA SRA DA APRESENTAÇÃO;MASC;BRA;COMERCIANTE;EMC;ARMA_F;mar;SEM2;sex;ADU;VES;Norte
QUINTAS;MASC;NEG;NI_PROF;NI_ESC;ARMA_F;jun;SEM3;ter;ADU;VES;Oeste
BOM PASTOR;MASC;NEG;NI_PROF;NI_ESC;ARMA_F;dez;SEM5;dom;ADU;MAT;Oeste
DIX-SEPT ROSADO;MASC;PAR;APOSENTADO(A);NI_ESC;ARMA_F;mar;SEM4;sex;ADU;NI_TUR;Oeste
IGAPÓ;MASC;NEG;ASG;EFC;ARMA_F;jul;SEM4;sáb;ADU;NOT;Norte
IGAPÓ;MASC;PAR;NI_PROF;NI_ESC;ARMA_F;dez;SEM1;sex;ADU;VES;Norte
LAGOA AZUL;MASC;PAR;DESOCUPADO(A);NI_ESC;ARMA_B;abr;SEM3;sex;ADU;MAT;Norte
NOSSA SRA DA APRESENTAÇÃO;MASC;BRA;CABELEIREIRO(A);EFC;ESPANC;nov;SEM4;dom;ADU;NOT;Norte
NOSSA SRA DA APRESENTAÇÃO;MASC;NEG;DESOCUPADO(A);NI_ESC;ARMA_F;jul;SEM3;ter;ADU;NOT;Norte
PLANALTO;MASC;PAR;NI_PROF;NI_ESC;ARMA_B;dez;SEM4;sex;ADU;NOT;Oeste
FELIPE CAMARÃO;MASC;NEG;NI_PROF;NI_ESC;ARMA_F;jun;SEM4;dom;ADU;NOT;Oeste
LAGOA NOVA;MASC;NEG;NI_PROF;NI_ESC;ARMA_B;out;SEM4;sáb;ADU;NOT;Sul
NOSSA SRA DA APRESENTAÇÃO;MASC;NEG;NI_PROF;NI_ESC;ARMA_F;dez;SEM5;seg;ADU;VES;Norte
NOSSA SRA DA APRESENTAÇÃO;MASC;NEG;NI_PROF;NI_ESC;ARMA_F;set;SEM3;qua;ADU;NOT;Norte
NOVA DESCOBERTA;MASC;BRA;SERVENTE DE OBRAS;EFC;ARMA_F;abr;SEM4;sex;ADU;NI_TUR;Sul
REDINHA;MASC;NEG;NI_PROF;NI_ESC;ARMA_F;dez;SEM5;ter;ADU;VES;Norte
ROCAS;MASC;NEG;NI_PROF;NI_ESC;ARMA_F;nov;SEM5;sáb;ADU;NOT;Leste
CAPIM MACIO;MASC;BRA;TECNICO EM ELETRONICA;EMC;ARMA_F;mai;SEM1;sex;ADU;MAD;Sul
MÃE LUÍZA;MASC;NEG;NI_PROF;NI_ESC;ARMA_F;jun;SEM5;dom;ADU;NI_TUR;Leste
NOSSA SRA DA APRESENTAÇÃO;MASC;NEG;DESOCUPADO(A);NI_ESC;ARMA_F;jul;SEM3;ter;ADU;NOT;Norte
PLANALTO;MASC;NEG;CARREGADOR;EFC;ARMA_F;out;SEM2;seg;ADU;NOT;Oeste
QUINTAS;FEM;PAR;DO LAR;EFC;ARMA_B;abr;SEM3;sex;ADU;NOT;Oeste
NOSSA SRA DA APRESENTAÇÃO;MASC;PAR;SERVENTE DE OBRAS;EFC;ARMA_F;ago;SEM5;sáb;ADU;VES;Norte
NOSSA SRA DA APRESENTAÇÃO;MASC;PAR;NI_PROF;NI_ESC;ARMA_F;dez;SEM5;qua;ADU;NOT;Norte
PLANALTO;MASC;PAR;COMERCIANTE;EMC;ARMA_F;dez;SEM5;ter;ADU;VES;Oeste
REDINHA;FEM;BRA;DESEMPREGADO;NI_ESC;ARMA_F;set;SEM5;ter;ADU;VES;Norte
ALECRIM;MASC;NEG;SOLDADOR;EFC;ARMA_F;mar;SEM5;qua;ADU;NOT;Leste
BOM PASTOR;MASC;NEG;VENDEDOR AMBULANTE;NI_ESC;ARMA_F;mai;SEM5;seg;ADU;VES;Oeste
CAPIM MACIO;MASC;PAR;POLICIAL MILITAR;SUP;ARMA_F;dez;SEM3;sex;ADU;MAD;Sul
NOSSA SRA DA APRESENTAÇÃO;MASC;NEG;PEDREIRO;EFC;ARMA_F;mai;SEM2;qua;ADU;VES;Norte
PLANALTO;MASC;NEG;ELETRICISTA DE VEICULO;EMC;AMP;mai;SEM5;seg;ADU;NOT;Oeste
REDINHA;MASC;NEG;VIGILANTE;EMC;ARMA_F;jul;SEM2;dom;ADU;NOT;Norte
PAJUÇARA;MASC;BRA;MOTORISTA;EMC;ARMA_F;mai;SEM3;ter;ADU;VES;Norte
PETRÓPOLIS;MASC;PAR;CABELEIREIRO(A);EFC;ARMA_F;out;SEM1;qui;ADU;NOT;Leste
REDINHA;MASC;PAR;EMPRESARIO(A);SUP;ARMA_F;ago;SEM3;seg;ADU;NOT;Norte
CIDADE ALTA;MASC;NEG;PESCADOR;NI_ESC;ARMA_F;ago;SEM5;sex;ADU;VES;Leste
CIDADE DA ESPERANÇA;MASC;PAR;DETENTO FUGITIVO;NI_ESC;ARMA_F;nov;SEM5;ter;ADU;NOT;Oeste
FELIPE CAMARÃO;MASC;BRA;ASG;EFC;ARMA_F;mar;SEM4;ter;ADU;NOT;Oeste
NOSSA SRA DA APRESENTAÇÃO;MASC;NEG;AGRICULTOR(A);EFC;ARMA_F;mai;SEM5;qui;ADU;VES;Norte
NOSSA SRA DA APRESENTAÇÃO;MASC;NEG;MOTORISTA;EMC;ARMA_F;mai;SEM4;dom;ADU;NI_TUR;Norte
BOM PASTOR;MASC;PAR;SERVENTE DE OBRAS;EFC;ARMA_F;set;SEM3;dom;ADU;NOT;Oeste
IGAPÓ;MASC;NEG;PORTEIRO;EMC;ARMA_F;set;SEM3;sáb;ADU;NOT;Norte
NEÓPOLIS;MASC;BRA;VENDEDOR AUTONOMO;EFC;ARMA_F;mar;SEM4;dom;ADU;VES;Sul
POTENGI;MASC;NEG;VENDEDOR AUTONOMO;EFC;ARMA_F;mai;SEM4;sáb;ADU;NOT;Norte
LAGOA AZUL;MASC;PAR;NI_PROF;NI_ESC;ARMA_F;dez;SEM4;sex;ADU;NOT;Norte
PLANALTO;MASC;NEG;MARCENEIRO;EMC;ARMA_B;mai;SEM1;sex;ADU;NOT;Oeste
PONTA NEGRA;FEM;BRA;EMPRESARIO(A);SUP;AMP;nov;SEM3;qui;ADU;NI_TUR;Sul
SANTOS REIS;MASC;PAR;NI_PROF;NI_ESC;ARMA_B;nov;SEM2;qui;ADU;VES;Leste
CIDADE ALTA;MASC;NEG;PEDREIRO;EFC;ARMA_B;set;SEM3;qui;ADU;NOT;Leste
CIDADE DA ESPERANÇA;MASC;PAR;NI_PROF;NI_ESC;ARMA_B;nov;SEM6;dom;ADU;NOT;Oeste
FELIPE CAMARÃO;MASC;NEG;COMERCIANTE;EMC;ARMA_F;ago;SEM4;sex;ADU;NOT;Oeste
PITIMBU;MASC;NEG;COMERCIANTE;EMC;ARMA_F;jan;SEM4;sex;ADU;NOT;Sul
ROCAS;MASC;BRA;NI_PROF;NI_ESC;ARMA_F;jun;SEM4;sáb;ADU;VES;Leste
DIX-SEPT ROSADO;MASC;PAR;VIGILANTE;EMC;ARMA_B;mai;SEM2;sex;ADU;NOT;Oeste
NOSSA SRA DA APRESENTAÇÃO;MASC;NEG;NI_PROF;NI_ESC;ARMA_F;dez;SEM3;seg;ADU;NOT;Norte
PAJUÇARA;MASC;PAR;CONSULTOR DE VENDAS;SUP;ARMA_F;set;SEM2;dom;ADU;NOT;Norte
NEÓPOLIS;MASC;BRA;EMPRESARIO(A);SUP;ARMA_F;mai;SEM4;seg;ADU;NOT;Sul
NOSSA SRA DA APRESENTAÇÃO;MASC;BRA;APOSENTADO(A);NI_ESC;ARMA_B;abr;SEM4;seg;ADU;NI_TUR;Norte
PAJUÇARA;MASC;PAR;NI_PROF;NI_ESC;ARMA_F;jun;SEM4;qui;ADU;VES;Norte
PLANALTO;MASC;PAR;NI_PROF;NI_ESC;ARMA_F;dez;SEM1;sáb;ADU;NOT;Oeste
POTENGI;MASC;NEG;NI_PROF;NI_ESC;ARMA_F;jun;SEM2;seg;ADU;NOT;Norte
LAGOA AZUL;MASC;PAR;DESOCUPADO(A);NI_ESC;ARMA_F;set;SEM4;dom;ADU;NOT;Norte
PETRÓPOLIS;MASC;BRA;POLICIAL CIVIL;SUP;ARMA_F;abr;SEM5;dom;ADU;NOT;Leste
MÃE LUÍZA;MASC;PAR;SERVENTE DE OBRAS;EFC;ARMA_B;abr;SEM3;sex;ADU;NOT;Leste
ALECRIM;MASC;NEG;VENDEDOR AUTONOMO;EFC;ARMA_B;fev;SEM3;ter;ADU;NOT;Leste
FELIPE CAMARÃO;MASC;NEG;COMERCIANTE;EMC;ARMA_F;jan;SEM1;sex;ADU;MAT;Oeste
CIDADE ALTA;MASC;NEG;NI_PROF;NI_ESC;ARMA_F;dez;SEM3;qui;ADU;NI_TUR;Leste
NOSSA SRA DA APRESENTAÇÃO;MASC;PAR;VENDEDOR AUTONOMO;EFC;ESPANC;mai;SEM3;qui;ADU;VES;Norte
CIDADE DA ESPERANÇA;MASC;BRA;SERVENTE DE OBRAS;EFC;ARMA_B;fev;SEM2;dom;ADU;VES;Oeste
NOSSA SRA DA APRESENTAÇÃO;MASC;PAR;AGRICULTOR(A);EFC;ARMA_F;abr;SEM4;sáb;ADU;NOT;Norte
NOSSA SRA DA APRESENTAÇÃO;MASC;PAR;PEDREIRO;EFC;ARMA_F;dez;SEM1;qui;ADU;NOT;Norte
NOSSA SRA DA APRESENTAÇÃO;MASC;PAR;NI_PROF;NI_ESC;ARMA_F;dez;SEM1;seg;IDO;NOT;Norte
CIDADE DA ESPERANÇA;MASC;PAR;APOSENTADO(A);NI_ESC;NI_INS;nov;SEM6;dom;IDO;VES;Oeste
LAGOA NOVA;MASC;PAR;APOSENTADO(A);NI_ESC;ESPANC;jul;SEM2;sex;IDO;VES;Sul
CANDELÁRIA;MASC;PAR;FUNCIONARIO PUBLICO APOSENTADO;NI_ESC;ARMA_F;dez;SEM2;dom;IDO;VES;Sul
NOVA DESCOBERTA;MASC;BRA;MILITAR;SUP;ARMA_F;fev;SEM2;sex;IDO;VES;Sul
CANDELÁRIA;MASC;BRA;APOSENTADO(A);NI_ESC;ARMA_B;mai;SEM4;ter;IDO;NI_TUR;Sul
NEÓPOLIS;FEM;BRA;APOSENTADO(A);NI_ESC;ARMA_B;fev;SEM3;dom;IDO;NOT;Sul
